state,March 16,March 17,March 18,March 19,March 20,March 21,March 22,March 23,March 24,March 25,March 26,March 27,March 28,March 29,March 30,March 31,April 01,April 02,April 03,April 04,April 05,April 06,April 07,April 08,April 09,April 10,April 11,April 12,April 13,April 14,April 15,April 16,April 17,April 18,April 19,April 20,April 21,April 22,April 23,April 24,April 25,April 26,April 27,April 28,April 29,April 30,May 01,May 02,May 03,May 04,May 05,May 06,May 07,May 08,May 09,May 10,May 11,May 12,May 13,May 14,May 15,May 16,May 17,May 18,May 19,May 20,May 21,May 22,May 23,May 24,May 25,May 26,May 27,May 28,May 29,May 30,May 31,June 01,June 02,June 03,June 04,June 05,June 06,June 07,June 08,June 09,June 10,June 11,June 12,June 13,June 14,June 15,June 16,June 17,June 18,June 19,url
Maryland,6.793,9.941,14.083,17.728,24.686,31.976,40.425,48.047,57.822,70.413,96.59,128.401,164.85,205.275,234.103,275.026,329.037,386.196,456.94,517.744,599.258,670.168,724.179,916.034,1024.719,1154.445,1274.727,1362.702,1480.499,1569.303,1662.082,1786.672,1917.227,2042.148,2128.466,2267.139,2351.469,2447.893,2607.276,2752.907,2943.437,3078.464,3228.568,3332.283,3454.222,3602.173,3888.796,4054.639,4218.495,4375.226,4492.692,4665.991,4866.628,5050.696,5224.492,5398.951,5529.174,5643.161,5767.585,5948.34,6127.769,6290.465,6428.972,6587.691,6883.261,7011.993,7212.132,7360.082,7537.524,7673.048,7812.052,7900.69,8022.629,8235.691,8447.593,8617.745,8744.157,8835.114,8975.609,9109.311,9254.445,9405.544,9523.507,9604.854,9676.262,9759.101,9852.046,9973.323,10042.245,10156.894,10222.502,10277.342,10339.802,10432.582,10475.658,10528.51,https://raw.githubusercontent.com/CivilServiceUSA/us-states/master/images/flags/maryland-large.png
Louisiana,29.186,42.063,55.154,84.126,115.458,125.545,179.626,251.519,297.874,385.219,494.453,588.88,711.421,759.707,863.791,1123.895,1378.632,1963.435,2209.804,2681.723,2792.031,3190.556,3494.653,3654.75,3923.652,4131.82,4295.136,4419.822,4510.171,4617.904,4710.828,4835.515,4961.274,5060.422,5135.106,5262.796,5333.831,5420.532,5523.758,5609.815,5689.649,5745.661,5808.97,5855.754,5936.017,6009.198,6161.569,6253.635,6296.556,6368.02,6437.338,6523.825,6578.12,6621.685,6742.294,6781.567,6827.707,6878.14,7009.479,7186.959,7261.642,7321.732,7389.333,7448.779,7519.384,7579.045,7833.998,7924.347,7924.347,7976.711,8114.059,8166.638,8261.708,8327.163,8327.163,8493.483,8566.235,8657.443,8744.359,8827.411,8919.477,9011.114,9117.774,9188.594,9238.812,9359.421,9449.126,9543.983,9656.222,9932.635,10004.743,10123.42,10238.02,10437.175,10437.175,10411.637,https://raw.githubusercontent.com/CivilServiceUSA/us-states/master/images/flags/louisiana-large.png
New Mexico,8.123,10.99,10.99,16.724,20.547,20.547,27.237,39.661,47.784,53.996,53.996,64.987,99.391,113.249,113.249,150.52,162.466,185.403,255.168,255.168,320.154,361.727,418.59,431.014,413.334,516.547,521.326,594.914,603.037,642.698,709.118,709.118,763.114,859.16,881.619,941.827,941.827,1056.031,1136.787,1204.64,1271.06,1302.598,1349.904,1421.103,1535.307,1629.92,1678.66,1783.307,1839.693,1926.182,1977.311,2050.421,2146.945,2232.957,2283.13,2323.747,2422.182,2490.514,2563.146,2629.566,2705.543,2793.943,2837.427,2912.926,2958.799,3018.529,3092.595,3165.705,3165.705,3317.659,3357.319,3407.015,3465.312,3518.83,3580.472,3643.069,3674.129,3727.169,3834.206,3889.636,3991.416,4143.848,4205.012,4271.909,4330.206,4350.753,4420.041,4475.948,4551.925,4597.32,4646.06,4704.357,4746.407,4809.482,4851.532,4902.661,https://raw.githubusercontent.com/CivilServiceUSA/us-states/master/images/flags/new-mexico-large.png
Illinois,8.253,12.654,12.733,33.168,45.979,59.184,82.449,100.998,120.804,146.584,199.48,237.678,274.383,361.234,397.388,471.113,548.61,604.807,699.831,814.033,884.928,963.761,964.468,1185.091,1185.17,1405.871,1507.498,1638.912,1731.107,1827.232,1932.945,2022.625,2167.558,2291.899,2385.981,2476.839,2598.351,2759.318,2903.151,3117.015,3283.563,3450.661,3606.283,3780.691,3958.007,4159.216,4405.776,4598.34,4833.66,5012.705,5178.703,5362.856,5570.275,5797.342,5980.081,6110.239,6209.743,6525.233,6656.726,6911.617,7102.766,7266.878,7403.165,7583.468,7704.901,7892.591,8071.007,8287.622,8472.483,8669.605,8804.242,8896.83,8984.152,9104.17,9231.655,9346.564,9452.12,9528.674,9655.53,9732.713,9805.73,9896.589,9973.221,10041.365,10093.082,10155.724,10204.848,10265.053,10311.819,10364.715,10417.532,10454.709,10503.675,10546.589,10593.197,10647.587,https://raw.githubusercontent.com/CivilServiceUSA/us-states/master/images/flags/illinois-large.png
Connecticut,8.4,19.04,19.04,44.519,54.319,54.319,91.558,116.197,173.036,244.994,283.353,361.471,426.709,558.026,719.862,875.818,995.935,1070.693,1375.885,1477.242,1588.959,1933.63,2178.624,2178.624,2739.45,2950.564,3222.717,3369.714,3746.584,3916.82,4131.294,4447.406,4706.4,4913.874,5029.231,5548.058,5700.654,6291.159,6467.834,6701.908,6883.064,7075.139,7278.974,7367.171,7494.568,7755.801,8053.714,8200.15,8200.15,8392.225,8573.661,8678.378,8899.292,9074.848,9235.284,9394.879,9453.958,9612.994,9759.15,9929.666,10103.541,10276.577,10477.052,10672.207,10760.125,10924.48,10977.959,11098.916,11205.873,11330.75,11444.147,11564.544,11560.344,11636.222,11693.061,11765.859,11815.978,11966.894,12033.812,12065.171,12106.61,12168.488,12268.726,12310.725,12345.444,12369.803,12416.842,12448.761,12512.6,12597.997,12624.317,12665.476,12697.395,12719.794,12722.874,12755.633,https://raw.githubusercontent.com/CivilServiceUSA/us-states/master/images/flags/connecticut-large.png
North Dakota,1.319,3.957,7.915,23.744,25.063,36.935,36.935,39.574,47.488,59.36,67.275,89.7,123.997,129.274,143.784,160.933,187.315,209.74,228.208,245.357,273.058,296.802,312.632,331.1,354.844,366.716,386.503,406.29,436.629,449.821,481.48,518.415,518.415,696.496,771.686,827.089,849.515,895.684,935.257,986.703,1059.255,1143.679,1242.613,1307.25,1362.653,1407.503,1460.268,1520.948,1571.074,1615.924,1670.008,1745.198,1808.516,1879.749,1931.195,1966.811,2002.427,2072.341,2172.594,2258.337,2322.974,2437.737,2506.332,2547.225,2630.329,2763.561,2940.323,3056.406,3119.724,3189.637,3241.083,3194.913,3217.339,3272.742,3324.187,3369.038,3399.377,3462.695,3490.397,3533.928,3569.544,3620.99,3714.648,3774.008,3799.071,3826.773,3879.538,3930.984,3978.472,4033.875,4062.896,4090.597,4120.937,4176.34,4211.957,4255.488,https://raw.githubusercontent.com/CivilServiceUSA/us-states/master/images/flags/north-dakota-large.png
Rhode Island,19.843,21.733,31.182,41.577,51.026,62.365,78.429,100.162,117.17,124.73,155.912,191.819,225.837,277.807,385.529,461.123,534.827,609.476,671.84,761.608,871.219,1022.407,1161.311,1370.139,1631.882,1631.882,2219.625,2518.22,2518.22,3071.946,3071.946,3334.634,3946.944,4243.65,4446.809,4809.659,5197.078,5519.297,5911.44,6330.041,6736.358,7029.284,7283.468,7490.407,7792.782,8146.183,8468.402,8777.392,8955.038,9120.399,9385.923,9642.942,9950.042,10185.328,10383.762,10653.065,10819.371,10974.339,11183.167,11354.198,11546.017,11749.176,11975.957,12090.293,12237.701,12620.395,12823.554,12979.466,13183.569,13290.346,13290.346,13427.359,13562.484,13695.718,13828.952,14002.818,14105.814,14165.345,14279.68,14380.787,14480.949,14590.56,14590.56,14590.56,14780.49,14826.791,14888.211,14988.373,15068.691,15068.691,15068.691,15206.65,15273.74,15320.041,15372.956,15437.211,https://raw.githubusercontent.com/CivilServiceUSA/us-states/master/images/flags/rhode-island-large.png
Vermont,19.22,19.22,28.83,35.236,46.448,46.448,83.286,120.123,152.156,200.206,253.06,294.703,337.947,376.387,410.021,469.282,514.128,541.356,623.04,738.358,820.042,869.693,920.946,968.995,1005.833,1087.517,1138.77,1164.396,1198.031,1204.437,1215.649,1239.673,1247.682,1286.121,1302.138,1306.942,1310.146,1318.154,1321.357,1324.561,1350.187,1363.0,1369.407,1380.618,1380.618,1387.025,1407.846,1419.058,1436.676,1444.684,1452.692,1454.294,1467.107,1471.912,1475.115,1484.725,1483.123,1484.725,1487.928,1492.733,1494.335,1495.937,1505.546,1505.546,1511.953,1511.953,1521.563,1524.766,1527.97,1531.173,1540.783,1548.791,1555.197,1560.002,1561.604,1564.807,1571.214,1574.417,1582.425,1585.629,1643.288,1644.89,1675.321,1702.549,1721.769,1736.183,1753.802,1777.826,1792.241,1801.851,1805.054,1806.656,1811.461,1809.859,1817.867,1832.282,https://raw.githubusercontent.com/CivilServiceUSA/us-states/master/images/flags/vermont-large.png
Arizona,2.515,2.794,3.772,6.287,10.897,16.485,21.235,32.83,45.543,56.021,70.969,92.903,107.991,128.387,161.637,180.078,213.746,239.591,270.605,305.531,347.303,381.67,400.949,424.139,421.625,434.757,474.013,494.829,517.601,532.13,553.784,591.923,630.202,659.959,689.157,708.017,734.281,764.596,806.368,844.507,878.175,912.822,939.505,971.637,1007.122,1069.429,1113.296,1168.479,1207.037,1246.713,1299.94,1356.101,1389.35,1470.518,1531.149,1553.362,1590.243,1639.559,1706.616,1770.6,1839.754,1909.186,1948.163,1984.905,2036.316,2082.418,2144.167,2182.725,2242.658,2287.922,2315.583,2355.957,2419.383,2497.477,2580.6,2690.407,2785.126,2812.089,2970.652,3123.208,3197.251,3414.21,3555.59,3770.454,3866.71,3953.046,4170.425,4368.105,4615.659,4842.118,4988.248,5147.231,5474.276,5719.036,6069.412,6553.485,https://raw.githubusercontent.com/CivilServiceUSA/us-states/master/images/flags/arizona-large.png
Oklahoma,2.538,4.822,4.822,11.167,12.436,13.451,17.004,20.557,26.902,41.622,62.94,81.721,95.68,108.877,122.074,144.154,182.984,223.591,251.254,294.652,318.255,337.29,374.089,387.287,427.893,455.303,474.083,499.97,525.096,554.282,574.331,598.188,625.597,625.597,651.484,680.162,712.394,734.474,765.69,792.085,810.612,825.839,832.691,865.431,881.42,918.219,951.212,977.353,1008.062,1026.335,1047.399,1066.434,1098.919,1122.776,1139.526,1164.651,1170.742,1200.944,1232.921,1259.57,1291.04,1329.109,1347.635,1369.969,1393.064,1403.977,1441.538,1484.429,1512.6,1532.142,1545.593,1557.775,1580.87,1592.037,1608.534,1628.837,1628.837,1668.175,1698.376,1727.054,1752.941,1778.32,1791.518,1814.613,1828.571,1868.67,1899.125,1935.418,1992.013,2048.863,2088.962,2136.167,2194.032,2259.764,2374.224,2463.559,https://raw.githubusercontent.com/CivilServiceUSA/us-states/master/images/flags/oklahoma-large.png
Ohio,4.282,5.738,7.365,10.192,14.816,21.24,30.489,37.94,48.56,60.293,74.338,97.376,120.414,141.568,165.548,188.33,218.133,248.451,283.651,320.22,346.256,381.369,409.546,440.892,472.066,503.411,535.27,565.588,597.362,623.911,667.504,720.602,779.953,875.445,993.633,1106.425,1175.454,1209.026,1258.442,1299.123,1334.922,1367.894,1398.126,1436.152,1481.885,1543.891,1605.212,1655.913,1705.5,1753.46,1795.854,1847.839,1895.371,1971.165,2029.489,2062.376,2121.983,2162.493,2202.83,2257.3,2308.429,2352.963,2391.417,2436.894,2479.544,2520.995,2583.6,2637.299,2689.884,2732.962,2781.436,2826.742,2863.825,2904.591,2960.345,3000.341,3041.449,3081.787,3113.133,3150.987,3192.952,3233.719,3263.951,3295.21,3326.128,3353.962,3389.332,3426.073,3462.043,3498.613,3524.049,3560.705,3597.874,3633.159,3693.109,3745.266,https://raw.githubusercontent.com/CivilServiceUSA/us-states/master/images/flags/ohio-large.png
Washington,120.151,143.012,134.771,182.885,202.555,238.308,265.422,295.194,309.415,344.371,426.243,462.129,535.629,593.445,654.318,721.969,745.361,849.164,909.904,963.201,1040.023,1104.618,1155.257,1232.876,1281.123,1344.92,1386.787,1410.046,1413.501,1435.299,1454.305,1469.59,1530.728,1565.152,1628.816,1610.076,1647.025,1674.139,1695.006,1724.778,1770.233,1797.081,1819.011,1839.745,1870.049,1904.206,1945.409,1994.054,2018.244,2055.06,2072.604,2113.939,2157.268,2178.135,2216.147,2244.989,2275.691,2303.336,2327.526,2362.216,2385.874,2430.664,2449.936,2473.594,2500.176,2521.442,2540.847,2560.518,2560.518,2635.346,2666.846,2682.264,2712.168,2759.75,2800.554,2837.503,2884.42,2920.971,2944.894,2988.356,3020.919,3056.007,3115.684,3153.829,3195.298,3236.898,3236.898,3293.385,3345.486,3394.264,3433.606,3476.669,3526.244,3559.871,3614.098,3668.458,https://raw.githubusercontent.com/CivilServiceUSA/us-states/master/images/flags/washington-large.png
Kentucky,4.707,5.828,6.052,8.294,10.535,19.502,23.088,27.571,36.313,44.159,55.367,67.471,85.18,98.181,107.371,140.771,141.667,172.601,172.601,205.552,214.07,214.07,257.557,257.557,300.595,379.498,379.498,440.021,452.349,459.074,495.388,545.823,565.325,606.794,663.506,683.68,718.2,757.203,779.843,847.09,877.576,915.683,931.598,980.688,1017.002,1055.333,1094.336,1093.663,1149.927,1175.705,1305.044,1330.149,1373.86,1409.501,1443.573,1443.573,1496.698,1536.15,1536.15,1619.536,1668.627,1723.321,1723.321,1778.688,1808.725,1830.693,1857.367,1888.749,1921.252,1921.252,1921.252,2006.432,2034.676,2058.885,2121.425,2175.222,2175.222,2251.884,2283.042,2333.477,2399.604,2460.575,2530.063,2530.063,2572.429,2624.209,2663.661,2677.559,2727.098,2789.638,2789.638,2834.917,2834.917,2912.924,2958.204,3015.812,https://raw.githubusercontent.com/CivilServiceUSA/us-states/master/images/flags/kentucky-large.png
Wisconsin,8.093,12.398,15.842,27.379,35.644,48.559,65.606,73.182,82.825,106.932,125.357,159.452,181.665,200.434,211.799,243.138,267.934,300.995,346.454,349.554,399.49,421.703,443.916,466.646,496.952,528.291,553.259,575.3,590.281,612.149,640.734,667.251,697.902,723.042,748.355,774.7,796.397,834.28,869.924,922.271,979.267,1018.01,1047.111,1082.928,1122.704,1180.217,1259.426,1319.005,1371.352,1418.189,1475.013,1532.698,1586.767,1651.34,1711.435,1759.65,1793.916,1827.15,1877.258,1941.486,2012.086,2098.527,2159.828,2184.624,2218.719,2309.637,2390.913,2478.904,2561.729,2630.607,2683.47,2731.512,2834.656,2922.82,3049.038,3139.095,3168.885,3192.992,3257.392,3340.562,3425.281,3486.755,3542.201,3587.66,3622.616,3669.108,3718.183,3775.524,3830.626,3877.463,3918.789,3948.751,3994.555,4038.981,4111.302,4159.172,https://raw.githubusercontent.com/CivilServiceUSA/us-states/master/images/flags/wisconsin-large.png
South Carolina,6.491,9.244,9.244,15.932,24.783,33.634,38.551,58.613,67.268,83.396,83.396,106.606,129.815,152.238,181.938,213.015,254.319,305.655,334.372,377.054,403.017,439.011,475.398,475.398,549.354,603.247,631.57,653.009,666.974,698.838,719.097,773.186,806.23,835.537,860.91,874.481,873.105,936.439,967.122,997.216,1033.21,1081.399,1104.018,1128.014,1156.928,1198.822,1230.883,1276.318,1303.264,1329.031,1345.553,1364.238,1404.756,1449.011,1481.268,1505.265,1532.604,1559.158,1579.417,1610.69,1653.568,1703.528,1734.014,1758.797,1781.22,1804.626,1845.144,1895.693,1946.242,1985.777,2001.906,2048.718,2089.432,2121.886,2189.351,2241.08,2332.934,2389.384,2441.9,2441.9,2441.9,2646.064,2646.064,2809.906,2911.004,2995.187,3099.63,3233.772,3377.158,3531.56,3696.779,3811.449,3931.823,4043.149,4235.315,4446.756,https://raw.githubusercontent.com/CivilServiceUSA/us-states/master/images/flags/south-carolina-large.png
Idaho,2.856,4.57,5.141,6.284,13.139,20.565,23.993,38.845,46.272,51.984,83.403,117.107,133.673,160.522,194.226,294.196,323.33,443.293,508.987,583.821,615.811,628.95,668.367,691.217,703.784,773.477,797.47,803.754,814.608,836.315,841.457,906.579,919.147,945.425,952.851,955.136,991.696,1008.834,1048.822,1068.244,1077.956,1083.668,1083.668,1115.087,1115.087,1133.367,1151.076,1177.354,1177.354,1203.06,1215.056,1232.765,1244.19,1244.19,1259.614,1273.896,1291.033,1309.885,1309.885,1343.017,1343.017,1381.862,1381.862,1402.428,1402.428,1431.562,1431.562,1482.403,1482.403,1500.112,1500.112,1500.112,1541.813,1582.372,1582.372,1601.224,1621.789,1621.789,1675.487,1675.487,1708.048,1777.17,1793.165,1793.165,1821.728,1840.008,1862.287,1862.287,1915.413,1915.413,1941.691,1941.691,1977.68,2074.793,2138.202,2211.323,https://raw.githubusercontent.com/CivilServiceUSA/us-states/master/images/flags/idaho-large.png
New Jersey,20.031,30.047,30.047,83.502,100.157,149.336,215.394,320.053,413.571,495.385,773.799,993.132,1251.853,1506.41,1872.153,2103.978,2504.494,2879.803,3364.271,3840.187,4220.672,4624.115,4998.41,5338.382,5742.388,6143.129,6544.096,6960.368,7268.042,7745.195,7993.45,8475.893,8830.383,9162.702,9599.455,9984.442,10396.887,10793.803,11256.439,11500.755,11872.35,12270.728,12512.681,12812.928,13095.282,13352.652,13638.269,13922.648,14263.295,14434.913,14696.448,14842.407,15078.846,15286.925,15462.144,15614.856,15778.259,15858.272,15930.633,16059.374,16203.421,16327.773,16487.012,16682.375,16807.965,16967.767,17058.921,17170.67,17233.803,17347.914,17453.473,17529.098,17626.329,17689.012,17875.709,17961.687,18055.88,18109.11,18179.67,18238.526,18290.518,18381.222,18443.905,18474.402,18511.877,18545.525,18607.42,18660.312,18699.475,18749.103,18780.163,18805.146,18841.495,18872.668,18918.133,18961.909,https://raw.githubusercontent.com/CivilServiceUSA/us-states/master/images/flags/new-jersey-large.png
Minnesota,9.632,10.702,13.735,15.875,20.513,24.615,29.788,41.739,46.555,51.015,61.36,70.635,78.662,89.721,102.742,112.196,122.899,132.352,140.557,154.292,166.778,175.875,190.68,205.842,221.182,238.306,254.537,289.142,289.142,302.341,322.676,322.676,369.231,394.025,420.245,440.58,457.882,485.53,524.772,568.116,614.671,642.497,679.777,745.775,828.361,916.121,1022.074,1111.617,1188.495,1290.346,1400.402,1530.257,1670.457,1799.421,1924.638,2010.435,2104.616,2228.585,2304.036,2396.433,2540.023,2670.056,2794.739,2920.313,3037.503,3151.84,3246.377,3389.967,3539.8,3669.655,3802.007,3917.058,4006.957,4093.111,4197.281,4314.828,4432.554,4496.411,4549.923,4614.494,4686.378,4812.487,4905.419,4974.092,5034.382,5087.716,5149.432,5229.165,5314.605,5381.852,5435.185,5474.784,5508.496,5582.342,5649.945,5713.446,https://raw.githubusercontent.com/CivilServiceUSA/us-states/master/images/flags/minnesota-large.png
Maine,12.696,23.897,31.365,38.833,41.82,52.276,66.465,79.907,88.122,106.045,115.753,125.461,157.574,188.939,205.368,226.279,226.279,280.795,322.615,340.538,350.993,372.65,387.586,401.028,418.205,437.621,460.025,472.721,521.262,548.894,575.032,594.448,617.599,632.535,647.471,653.445,663.153,677.342,699.746,720.656,720.656,757.996,763.97,776.666,788.615,817.74,838.65,861.054,884.951,899.887,915.57,936.48,993.236,1026.095,1051.486,1072.396,1091.813,1103.015,1131.393,1168.733,1197.111,1230.717,1259.842,1279.258,1300.169,1358.419,1401.733,1454.755,1503.297,1534.662,1548.851,1574.989,1595.899,1634.733,1662.364,1704.184,1736.297,1754.22,1775.13,1805.748,1826.659,1853.543,1884.909,1919.261,1932.703,1946.146,1969.296,1991.7,2032.027,2058.912,2085.796,2098.492,2105.213,2117.908,2149.274,2175.412,https://raw.githubusercontent.com/CivilServiceUSA/us-states/master/images/flags/maine-large.png
Nevada,14.865,18.498,18.168,31.381,37.657,53.182,62.761,80.929,91.83,106.694,138.736,177.053,206.782,303.897,334.287,367.98,422.483,483.262,500.109,575.422,612.749,645.121,701.606,746.199,811.273,899.139,892.532,936.796,987.665,1035.232,1060.667,1061.658,1164.058,1197.751,1231.444,1265.137,1300.481,1348.048,1389.999,1452.76,1499.336,1563.749,1552.518,1592.487,1629.813,1669.122,1733.534,1780.11,1807.527,1859.718,1869.628,1896.384,1934.04,1955.511,2038.422,2021.576,2032.146,2085.328,2139.171,2148.42,2224.064,2250.49,2295.414,2332.41,2343.971,2440.425,2444.389,2485.68,2486.01,2603.275,2628.049,2661.411,2692.131,2724.503,2766.784,2813.36,2850.026,2874.47,2926.0,2956.72,3015.518,3074.976,3135.094,3193.892,3242.449,3318.093,3375.239,3459.472,3535.776,3632.561,3699.947,3737.603,3859.162,3915.647,4019.699,4136.964,https://raw.githubusercontent.com/CivilServiceUSA/us-states/master/images/flags/nevada-large.png
Kansas,3.778,6.183,6.183,11.678,15.113,19.578,22.326,28.853,34.348,46.027,59.079,70.757,91.366,113.349,127.775,149.071,166.589,189.946,216.05,239.751,257.955,291.616,313.256,359.282,383.326,383.67,437.94,461.64,477.44,494.958,516.597,554.724,594.224,625.481,654.334,703.452,743.295,800.657,934.615,1016.364,1076.817,1125.591,1192.914,1254.397,1318.628,1515.787,1591.697,1677.911,1770.994,1848.965,1939.987,2058.489,2174.929,2289.996,2345.64,2387.545,2458.989,2486.811,2582.299,2646.53,2708.701,2726.905,2731.714,2851.933,2869.107,2922.003,2962.534,3060.083,3072.792,3092.714,3134.275,3159.693,3191.293,3218.772,3318.725,3328.343,3331.777,3407.343,3422.8,3466.422,3492.184,3539.928,3558.819,3574.276,3621.676,3644.003,3692.434,3717.508,3769.03,3785.174,3812.996,3887.875,3919.475,3999.507,4036.946,4129.0,https://raw.githubusercontent.com/CivilServiceUSA/us-states/master/images/flags/kansas-large.png
Tennessee,7.679,10.928,11.666,22.742,34.408,54.787,74.576,90.672,114.005,135.27,161.999,194.636,223.137,254.001,283.093,353.091,433.131,444.945,452.919,490.576,536.503,561.46,611.226,644.306,684.326,722.278,757.868,813.393,828.456,860.502,860.502,941.428,924.888,973.03,1044.062,1068.871,1091.908,1091.908,1220.681,1288.907,1356.985,1427.573,1464.64,1484.428,1530.798,1585.29,1756.002,1869.712,1945.912,2004.096,2021.67,2058.293,2081.626,2132.573,2180.863,2212.909,2295.459,2379.19,2417.438,2466.023,2504.566,2549.312,2563.489,2659.773,2718.99,2718.99,2800.064,2864.007,2921.748,2969.89,3032.504,3085.667,3143.26,3201.444,3258.152,3332.432,3332.432,3332.432,3594.703,3667.211,3719.931,3789.929,3865.686,3912.351,3987.961,4072.136,4124.56,4185.107,4299.998,4363.646,4480.9,4578.513,4688.826,4742.432,4839.307,5023.457,https://raw.githubusercontent.com/CivilServiceUSA/us-states/master/images/flags/tennessee-large.png
South Dakota,11.38,12.519,12.519,12.519,15.933,15.933,23.899,31.865,34.141,46.66,52.35,66.007,77.387,102.424,114.943,122.909,146.808,187.778,212.815,241.266,273.131,327.758,364.175,447.253,508.707,609.993,712.418,830.775,987.825,1124.391,1329.239,1491.98,1605.785,1754.869,1860.708,1917.61,1997.273,2114.492,2226.021,2321.617,2443.388,2517.361,2553.778,2632.304,2700.587,2787.078,2873.57,2945.267,2994.203,3036.311,3096.627,3163.772,3307.166,3579.159,3861.395,4002.513,4112.903,4168.668,4247.193,4315.476,4423.59,4505.53,4537.395,4582.917,4648.924,4753.624,4753.624,4957.335,5080.244,5192.91,5219.086,5295.335,5360.203,5454.661,5537.739,5644.715,5682.271,5728.931,5766.486,5874.601,5971.335,6005.476,6107.901,6188.702,6226.257,6285.436,6377.618,6447.039,6534.668,6638.231,6712.204,6746.345,6789.591,6885.187,6952.332,7008.096,https://raw.githubusercontent.com/CivilServiceUSA/us-states/master/images/flags/south-dakota-large.png
Iowa,7.305,7.305,9.21,13.974,14.292,21.597,28.584,33.348,39.382,46.37,56.85,74.636,94.645,106.713,134.662,157.847,173.727,195.006,222.002,249.951,275.994,300.449,332.209,363.652,403.352,440.828,479.575,504.031,543.095,603.122,633.611,679.981,740.642,798.128,921.674,1003.297,1156.38,1190.364,1246.261,1411.73,1617.217,1739.176,1863.675,2025.015,2173.334,2269.25,2503.956,2745.014,2913.977,3081.669,3211.25,3304.307,3512.335,3638.739,3706.706,3798.174,3929.661,4100.847,4220.582,4343.175,4461.958,4550.568,4653.153,4749.703,4858.004,4960.907,5135.586,5237.854,5366.799,5478.912,5576.097,5622.467,5833.988,5902.907,6020.737,6111.888,6209.709,6256.396,6358.028,6447.273,6607.978,6718.503,6821.405,6895.724,6989.416,7062.464,7186.01,7296.217,7415.952,7532.511,7598.889,7648.435,7679.242,7768.488,7895.845,8027.014,https://raw.githubusercontent.com/CivilServiceUSA/us-states/master/images/flags/iowa-large.png
Nebraska,9.348,10.906,12.464,15.06,19.215,19.734,26.485,26.485,34.275,36.871,38.429,42.584,49.854,56.086,75.301,89.322,109.056,127.751,144.889,166.7,189.031,216.554,232.134,269.524,294.971,329.765,363.001,410.778,422.722,465.825,467.903,494.388,553.59,648.624,765.47,855.831,875.046,941.518,1143.531,1258.819,1412.017,1572.485,1743.859,1826.43,1999.882,2223.187,2600.729,2761.197,2939.842,3135.104,3309.594,3473.697,3808.655,4060.004,4202.815,4243.322,4365.88,4430.795,4628.134,4808.856,4990.616,5307.398,5285.068,5517.721,5636.644,5775.82,5934.211,6056.25,6212.564,6301.367,6419.771,6553.234,6742.784,6880.403,7087.609,7221.073,7322.859,7449.572,7590.306,7730.002,7861.908,8000.565,8086.771,8134.548,8197.905,8266.454,8339.158,8472.622,8580.12,8641.4,8688.138,8750.975,8848.087,8948.315,9043.349,9133.71,https://raw.githubusercontent.com/CivilServiceUSA/us-states/master/images/flags/nebraska-large.png
Colorado,28.113,28.113,32.33,48.671,63.782,68.526,103.843,123.698,127.036,179.397,251.261,251.788,305.73,405.356,406.059,521.148,523.959,587.213,657.496,735.862,869.751,910.69,953.914,993.624,993.624,1089.736,1144.381,1283.892,1351.364,1396.872,1397.926,1455.91,1527.071,1589.623,1709.631,1709.631,1840.181,1913.627,1981.626,2153.467,2278.571,2361.68,2438.64,2515.424,2593.087,2685.509,2774.944,2850.849,2922.889,2972.614,3051.507,3133.21,3227.741,3308.039,3404.327,3461.959,3492.883,3541.73,3597.605,3661.386,3730.615,3801.073,3854.664,3901.051,3950.249,4005.597,4074.825,4126.835,4210.647,4247.545,4261.953,4313.963,4349.456,4411.48,4497.752,4583.146,4632.344,4667.31,4704.384,4752.176,4804.889,4849.694,4890.634,4917.517,4949.496,4978.312,5004.843,5030.848,5061.597,5095.86,5115.715,5145.409,5170.535,5210.772,5251.185,5301.437,https://raw.githubusercontent.com/CivilServiceUSA/us-states/master/images/flags/colorado-large.png
Arkansas,7.31,7.31,10.964,20.6,31.897,40.535,54.822,63.793,72.764,93.032,111.306,126.589,135.892,141.541,157.157,173.77,194.037,213.64,233.908,246.866,278.098,290.723,314.314,332.255,371.794,389.071,408.01,425.287,468.48,497.719,521.309,538.254,563.173,579.453,591.747,655.54,661.188,756.213,863.532,933.638,967.195,997.098,1019.692,1038.963,1060.891,1090.13,1108.736,1120.365,1141.962,1159.904,1171.2,1199.774,1230.342,1244.961,1244.961,1333.009,1343.309,1383.511,1407.434,1450.627,1482.856,1521.065,1581.203,1599.145,1635.693,1662.274,1813.45,1864.617,1918.775,1967.616,2003.168,2053.338,2085.567,2172.286,2251.695,2330.107,2409.848,2472.977,2597.573,2680.304,2799.252,2874.341,3023.856,3131.839,3236.167,3349.134,3444.824,3593.674,3836.553,4018.629,4153.525,4291.743,4382.781,4520.667,4627.653,4861.229,https://raw.githubusercontent.com/CivilServiceUSA/us-states/master/images/flags/arkansas-large.png
Florida,7.296,10.167,14.78,19.629,26.501,31.02,47.26,57.757,66.465,79.174,110.947,136.507,177.13,199.865,257.622,317.308,327.429,424.019,483.329,543.063,581.332,627.179,684.654,727.536,770.277,825.209,870.539,936.486,989.394,1018.061,1059.625,1098.788,1165.441,1199.944,1238.637,1273.705,1311.833,1332.545,1395.573,1437.231,1451.635,1484.256,1512.781,1546.202,1562.441,1585.836,1634.696,1669.293,1698.242,1736.794,1762.307,1788.808,1827.689,1845.152,1882.904,1910.911,1929.081,1973.375,1995.922,2033.956,2077.638,2109.317,2145.892,2186.091,2209.72,2234.527,2291.201,2327.728,2359.549,2394.382,2435.757,2459.717,2477.557,2508.2,2565.251,2608.886,2643.672,2675.068,2704.111,2766.104,2832.899,2894.327,2954.108,3009.652,3055.123,3106.713,3171.248,3251.175,3340.705,3462.197,3557.092,3639.844,3770.844,3893.7,4044.658,4224.565,https://raw.githubusercontent.com/CivilServiceUSA/us-states/master/images/flags/florida-large.png
Indiana,3.734,4.481,5.825,8.961,12.844,19.117,30.468,40.326,54.962,71.242,96.333,146.218,184.154,225.973,266.746,322.306,382.944,453.738,513.33,590.397,658.801,740.199,822.941,887.611,948.548,1031.589,1110.448,1184.079,1248.451,1273.543,1338.213,1425.137,1516.542,1589.277,1674.409,1745.651,1806.737,1857.666,1947.428,2043.314,2150.55,2242.104,2383.841,2477.486,2566.202,2663.731,2782.467,2881.788,2977.075,3062.805,3141.365,3266.374,3360.916,3456.95,3544.472,3603.317,3678.144,3752.821,3804.497,3891.123,3981.183,4074.38,4148.758,4220.0,4287.21,4372.192,4471.065,4541.709,4615.191,4686.135,4736.766,4790.981,4844.599,4938.842,5012.025,5109.553,5163.769,5202.004,5262.791,5333.734,5391.086,5463.075,5525.654,5585.396,5619.15,5680.385,5725.789,5787.173,5846.616,5905.91,5960.573,6038.387,6091.557,6125.46,6188.936,6234.937,https://raw.githubusercontent.com/CivilServiceUSA/us-states/master/images/flags/indiana-large.png
Texas,2.969,3.842,6.043,9.082,13.762,20.294,22.46,26.477,33.358,42.929,54.596,67.659,85.753,97.525,109.925,133.048,152.12,177.06,200.289,229.385,251.811,280.942,311.75,341.511,391.496,422.828,454.894,477.738,498.626,524.16,555.632,589.479,623.466,653.331,672.752,689.903,718.65,744.743,791.165,825.816,843.665,872.098,884.463,920.651,952.088,1003.435,1037.142,1079.932,1117.691,1145.111,1184.547,1220.036,1258.738,1301.004,1341.103,1371.283,1416.587,1447.221,1502.69,1553.687,1597.036,1657.5,1690.473,1717.754,1765.783,1804.939,1853.143,1870.119,1913.327,1951.226,1970.368,1999.045,2044.873,2109.599,2127.273,2189.239,2258.296,2291.165,2351.14,2405.875,2464.488,2534.103,2601.239,2634.003,2670.854,2731.807,2821.543,2887.246,2966.502,3035.943,3092.111,3151.072,3268.367,3412.628,3536.979,3681.415,https://raw.githubusercontent.com/CivilServiceUSA/us-states/master/images/flags/texas-large.png
New Hampshire,12.56,19.21,19.21,32.509,32.509,40.636,54.674,74.623,74.623,79.795,101.222,116.737,138.164,158.113,231.997,263.767,271.156,233.475,353.906,398.976,458.822,528.274,528.274,551.917,605.114,605.114,653.877,686.386,727.762,681.215,841.544,841.544,950.893,991.529,1026.994,1069.108,1100.878,1173.285,1233.87,1270.812,1327.703,1377.206,1431.88,1485.077,1520.542,1585.56,1706.731,1794.653,1860.41,1912.129,1947.594,2025.172,2100.535,2177.374,2224.66,2268.991,2334.748,2393.117,2437.448,2498.772,2551.23,2627.331,2656.884,2698.26,2749.24,2857.85,2907.353,2965.721,3021.135,3065.465,3100.93,3126.051,3166.687,3242.788,3318.889,3318.889,3436.365,3461.486,3508.772,3542.759,3602.605,3659.496,3708.26,3725.992,3752.591,3752.591,3825.736,3848.64,3879.672,3915.136,3929.174,3949.123,3963.161,4016.358,4026.702,4053.3,https://raw.githubusercontent.com/CivilServiceUSA/us-states/master/images/flags/new-hampshire-large.png
Montana,6.6,8.485,10.371,10.371,14.142,19.799,32.055,32.055,48.083,61.282,84.852,102.766,121.622,145.192,161.22,186.675,196.103,227.216,229.102,249.843,269.642,281.899,300.755,313.011,333.753,344.124,355.437,364.865,371.465,376.179,380.893,391.264,397.864,401.635,408.234,408.234,412.006,413.891,416.72,418.605,419.548,422.377,423.319,425.205,425.205,427.091,427.091,428.976,428.976,430.862,429.919,429.919,429.919,431.805,431.805,431.805,432.747,434.633,435.576,435.576,439.347,441.233,441.233,443.118,444.061,450.661,451.603,451.603,451.603,451.603,451.603,451.603,453.489,457.26,464.803,476.116,485.544,489.316,493.087,494.972,508.172,510.057,509.115,513.829,516.657,522.314,528.913,530.799,540.227,554.369,566.626,574.168,578.882,593.967,617.537,627.908,https://raw.githubusercontent.com/CivilServiceUSA/us-states/master/images/flags/montana-large.png
Michigan,5.308,6.51,8.313,33.453,55.288,78.926,103.665,133.112,179.586,229.966,284.954,363.98,465.742,549.676,650.837,762.715,932.986,1080.822,1276.433,1424.769,1574.308,1724.847,1900.026,2037.846,2153.831,2246.979,2364.266,2428.268,2567.59,2704.408,2810.376,2885.496,3007.09,3084.012,3147.413,3205.105,3271.912,3402.019,3535.231,3669.945,3713.315,3783.827,3827.096,3932.464,4046.345,4144.501,4242.357,4327.593,4387.088,4406.018,4452.191,4525.108,4581.798,4646.0,4688.969,4725.727,4762.786,4809.761,4846.82,4966.11,5015.889,5061.863,5122.359,5199.782,5243.352,5309.357,5359.537,5399.901,5445.173,5476.623,5496.855,5519.191,5569.671,5610.336,5671.133,5705.988,5748.857,5762.378,5782.31,5812.759,5833.391,6387.875,6433.147,6475.114,6504.761,6510.169,6528.599,6555.341,6577.677,6594.103,6615.938,6619.043,6637.472,6660.309,6690.457,6720.404,https://raw.githubusercontent.com/CivilServiceUSA/us-states/master/images/flags/michigan-large.png
California,14.115,17.688,19.031,24.125,29.826,34.565,41.711,53.419,64.316,75.973,98.805,118.013,129.113,148.296,180.885,208.05,238.181,273.0,304.195,325.304,380.978,405.939,439.693,478.871,499.473,534.216,550.054,577.65,606.438,642.549,676.253,701.366,738.87,772.675,796.496,853.64,898.722,946.338,1002.519,1047.981,1073.652,1103.808,1139.488,1169.846,1235.303,1270.349,1318.396,1351.872,1391.302,1416.162,1481.339,1536.076,1574.899,1616.23,1686.653,1713.058,1756.873,1798.661,1844.781,1897.313,1943.485,1994.978,2031.495,2064.21,2122.368,2179.258,2230.802,2287.085,2345.04,2382.57,2442.882,2518.576,2560.718,2630.735,2701.919,2784.86,2836.961,2907.46,2970.357,3024.409,3095.871,3186.339,3258.688,3309.928,3391.044,3462.633,3540.532,3633.331,3716.5,3801.621,3859.449,3946.268,4028.246,4125.48,4234.143,4329.831,https://raw.githubusercontent.com/CivilServiceUSA/us-states/master/images/flags/california-large.png
Alabama,5.933,7.979,9.411,15.958,16.981,26.802,32.122,40.101,49.512,77.951,105.776,120.098,141.99,168.792,183.932,201.936,216.872,252.267,305.871,330.218,361.112,399.371,443.769,476.299,553.023,602.944,658.185,728.976,763.961,808.768,833.729,888.97,935.208,964.056,1000.065,1039.143,1087.837,1144.305,1193.204,1232.896,1232.896,1313.711,1337.853,1381.023,1414.168,1450.176,1492.323,1557.18,1613.853,1659.683,1726.176,1778.144,1850.775,1920.133,1978.034,2023.25,2079.514,2140.893,2189.177,2271.22,2326.87,2388.454,2408.3,2472.747,2532.08,2670.387,2718.672,2796.827,2888.282,2962.141,3066.076,3201.927,3280.083,3381.972,3484.475,3551.582,3672.907,3811.624,3839.449,3856.839,3902.055,3966.503,4100.718,4194.218,4281.171,4382.856,4498.862,4673.996,4850.971,5033.266,5240.727,5375.146,5506.088,5587.926,5770.835,5933.693,https://raw.githubusercontent.com/CivilServiceUSA/us-states/master/images/flags/alabama-large.png
Oregon,9.326,15.782,16.261,21.043,27.26,27.26,38.499,45.673,50.217,63.608,75.564,99.477,114.542,131.041,144.911,164.997,175.997,197.519,214.975,214.975,255.387,255.387,270.691,282.408,315.886,316.125,327.843,365.146,378.776,390.494,397.667,415.124,426.841,440.949,456.732,467.971,479.21,492.362,508.622,520.579,538.752,552.621,562.904,570.317,584.904,600.208,616.707,630.098,640.859,659.75,678.88,697.293,714.749,733.64,755.64,771.901,785.77,802.987,816.856,831.921,846.747,863.725,866.356,881.66,890.986,908.92,912.746,923.985,929.724,939.05,944.311,948.615,965.593,977.071,987.832,1000.745,1014.614,1028.722,1036.614,1051.918,1069.852,1092.808,1092.808,1114.808,1176.981,1192.763,1209.98,1252.306,1285.783,1285.783,1285.783,1391.717,1458.194,1486.889,1522.28,1571.54,https://raw.githubusercontent.com/CivilServiceUSA/us-states/master/images/flags/oregon-large.png
Wyoming,5.194,19.044,25.969,31.163,32.895,39.82,45.014,45.014,50.208,76.177,91.759,121.191,141.967,148.892,162.742,188.712,225.069,259.695,280.47,323.753,341.066,363.573,373.961,382.617,398.199,413.78,451.869,467.451,476.107,488.226,496.883,512.464,528.046,534.971,541.897,548.822,766.965,773.891,784.278,818.904,850.068,869.112,900.275,927.976,943.558,967.796,979.915,1002.422,1014.541,1031.854,1045.705,1092.45,1099.375,1114.957,1130.538,1146.12,1158.239,1168.627,1191.134,1213.641,1239.61,1282.893,1305.399,1326.175,1343.488,1362.532,1386.77,1390.233,1407.546,1450.829,1459.485,1471.604,1488.917,1516.618,1542.587,1554.706,1563.363,1575.482,1578.945,1584.139,1594.526,1615.302,1625.69,1639.54,1662.047,1679.36,1696.673,1746.881,1778.044,1817.864,1835.177,1868.072,1885.385,1928.667,1980.606,2030.814,https://raw.githubusercontent.com/CivilServiceUSA/us-states/master/images/flags/wyoming-large.png
Georgia,11.512,13.89,18.932,27.304,39.958,48.235,59.08,73.446,97.611,118.636,145.084,190.274,225.095,252.209,267.145,373.794,441.247,508.794,554.745,586.045,632.377,695.834,839.301,941.954,1005.22,1092.651,1156.774,1184.649,1266.752,1386.911,1425.822,1490.705,1635.79,1680.98,1741.107,1846.328,1891.423,2018.241,2081.888,2139.732,2209.277,2234.393,2312.025,2371.01,2452.162,2498.684,2615.228,2695.333,2727.109,2801.887,2853.927,2924.804,3008.049,3061.612,3100.332,3194.709,3234.856,3322.573,3370.427,3422.753,3498.387,3540.247,3575.162,3642.139,3696.557,3786.557,3868.566,3946.483,4018.787,4081.578,4128.956,4184.421,4246.736,4306.482,4364.992,4407.803,4477.444,4557.264,4586.281,4651.64,4743.448,4815.942,4886.154,4937.433,4994.42,5065.963,5135.508,5229.98,5307.041,5404.176,5487.611,5557.347,5620.518,5711.089,5795.0,5899.365,https://raw.githubusercontent.com/CivilServiceUSA/us-states/master/images/flags/georgia-large.png
Missouri,0.98,1.797,2.94,5.064,8.658,12.088,14.212,30.547,41.982,57.828,84.945,108.795,136.565,149.47,171.686,221.673,263.492,303.351,304.494,377.351,383.395,446.94,511.302,524.207,560.636,636.596,671.064,697.364,737.55,775.285,782.636,845.201,877.382,911.36,938.15,962.163,990.914,1025.382,1062.79,1108.856,1132.87,1163.09,1193.311,1216.998,1251.302,1277.112,1317.788,1364.997,1407.797,1461.377,1489.964,1522.962,1565.108,1589.938,1619.015,1644.662,1659.201,1677.496,1699.549,1730.587,1758.684,1790.212,1814.551,1836.441,1861.108,1883.161,1909.461,1933.474,1954.71,1984.604,2038.022,2054.847,2093.562,2120.516,2137.342,2172.3,2195.169,2241.889,2289.426,2317.849,2358.525,2380.414,2442.326,2454.088,2476.141,2507.832,2533.969,2564.516,2613.196,2651.584,2656.485,2713.496,2753.681,2788.313,2837.646,2885.999,https://raw.githubusercontent.com/CivilServiceUSA/us-states/master/images/flags/missouri-large.png
Mississippi,4.361,7.045,11.405,16.773,26.836,46.964,69.439,83.528,107.346,126.467,162.696,194.229,222.407,254.611,284.131,314.322,359.944,394.831,455.549,488.088,549.476,583.022,642.398,671.918,758.13,828.24,886.274,932.902,986.911,1035.552,1127.131,1215.691,1272.383,1333.101,1433.737,1513.576,1582.009,1641.72,1728.603,1822.866,1918.135,1982.878,2044.267,2127.46,2203.608,2286.13,2419.306,2496.125,2532.69,2642.384,2753.085,2825.878,2913.768,3049.292,3145.903,3187.164,3245.198,3323.695,3384.748,3516.582,3623.256,3731.273,3789.307,3834.929,3926.173,4014.398,4099.939,4235.128,4362.601,4448.142,4514.562,4606.142,4711.139,4821.169,4962.395,5108.654,5207.278,5284.097,5381.044,5475.307,5555.146,5625.256,5715.829,5793.319,5960.376,6079.463,6200.227,6200.227,6404.184,6490.396,6546.752,6641.686,6760.102,6924.14,6924.14,6924.14,https://raw.githubusercontent.com/CivilServiceUSA/us-states/master/images/flags/mississippi-large.png
Pennsylvania,6.015,8.749,11.874,16.093,23.67,30.935,39.763,54.527,73.901,98.43,140.224,183.19,222.25,268.106,324.586,387.706,469.419,567.772,669.483,815.879,905.325,1025.473,1160.307,1299.203,1429.585,1566.372,1696.675,1791.902,1897.676,1989.31,2089.928,2207.497,2334.832,2472.634,2570.284,2649.34,2753.63,2818.703,2998.143,3141.024,3214.847,3329.135,3402.724,3526.074,3619.036,3747.464,3873.08,3944.56,4001.665,4125.953,4207.822,4280.942,4371.248,4481.787,4574.67,4682.397,4723.019,4789.499,4851.291,4929.723,5010.264,5092.211,5132.443,5208.14,5258.293,5321.96,5409.923,5484.839,5547.179,5590.457,5618.736,5685.372,5746.227,5798.02,5857.703,5913.402,5947.15,5987.537,6032.769,6076.125,6119.481,6156.978,6210.881,6242.363,6276.032,6317.514,6352.355,6393.914,6443.364,6479.533,6499.766,6529.92,6560.309,6584.604,6615.383,6655.692,https://raw.githubusercontent.com/CivilServiceUSA/us-states/master/images/flags/pennsylvania-large.png
West Virginia,0.0,0.554,0.554,1.108,3.88,4.434,8.868,8.868,12.193,21.615,28.82,42.122,53.206,62.628,80.364,89.786,105.859,119.715,131.354,156.294,179.572,191.211,228.345,267.695,284.876,318.131,319.793,328.661,338.637,354.71,389.072,403.483,429.532,435.074,493.269,499.919,503.245,520.426,543.704,559.777,559.777,584.717,589.151,606.887,615.2,623.514,638.478,656.768,662.31,678.383,690.576,688.359,713.3,733.252,733.252,753.759,757.084,763.735,774.82,790.892,801.977,814.724,826.918,832.46,832.46,868.485,882.895,944.97,944.97,974.898,983.212,983.212,1052.491,1072.443,1081.311,1102.372,1114.011,1123.987,1139.506,1151.145,1165.001,1174.423,1183.845,1188.278,1197.7,1202.134,1215.99,1228.737,1246.473,1260.329,1269.197,1286.932,1297.463,1316.861,1340.139,1367.85,https://raw.githubusercontent.com/CivilServiceUSA/us-states/master/images/flags/west-virginia-large.png
Delaware,8.286,16.572,19.679,31.073,39.359,46.609,58.002,70.431,107.719,123.255,134.648,168.828,221.652,240.295,273.439,330.406,381.158,407.052,466.09,614.203,697.063,810.996,961.181,1155.903,1252.228,1373.412,1531.882,1683.102,1820.858,1994.865,2086.011,2144.013,2399.845,2628.747,2628.747,2843.148,3035.799,3314.417,3426.279,3565.07,3703.861,4178.237,4310.814,4738.581,4821.441,4903.266,5093.845,5218.135,5394.214,5477.074,5563.042,5984.594,6151.351,6329.501,6501.436,6501.436,6799.734,6982.027,7200.571,7481.261,7636.624,7816.845,7944.243,8150.359,8324.365,8486.979,8685.844,8833.957,8833.957,9123.969,9285.546,9390.158,9421.23,9498.912,9566.236,9758.887,9837.604,9948.43,10031.29,10059.256,10094.471,10122.437,10197.011,10297.479,10328.552,10378.268,10415.555,10467.343,10536.739,10594.741,10630.992,10709.71,10774.962,10817.428,10874.395,10990.4,https://raw.githubusercontent.com/CivilServiceUSA/us-states/master/images/flags/delaware-large.png
Massachusetts,28.623,31.674,31.674,47.656,60.006,76.279,93.859,112.893,168.395,267.049,351.174,470.75,618.513,719.928,835.726,961.841,1124.279,1302.699,1511.34,1705.161,1816.165,2010.422,2208.747,2439.473,2751.998,3047.379,3321.402,3701.344,3903.592,4092.037,4346.882,4675.68,4998.376,5284.604,5532.329,5532.329,5985.934,6239.471,6686.829,7405.449,7751.101,7982.117,8203.544,8470.884,8756.094,9037.963,9343.95,9627.563,9892.577,10037.871,10209.898,10464.742,10711.159,10945.372,11150.235,11302.793,11399.994,11526.399,11695.666,11940.485,12120.503,12340.187,12496.667,12648.063,12774.904,12926.735,13088.592,13205.553,13317.864,13465.046,13551.641,13612.955,13689.524,13787.597,13877.243,13991.88,14088.354,14646.28,14698.295,14760.626,14829.059,14900.834,14984.377,15028.546,15056.152,15094.364,15133.158,15207.402,15264.357,15313.176,15343.397,15356.037,15384.37,15423.017,15462.392,15495.519,https://raw.githubusercontent.com/CivilServiceUSA/us-states/master/images/flags/massachusetts-large.png
Virginia,5.764,7.881,9.057,11.645,14.351,18.35,25.878,29.878,34.465,46.581,54.815,71.401,87.046,104.69,119.982,146.919,174.444,200.676,236.67,283.134,310.541,338.537,392.294,428.759,475.457,530.39,597.204,620.377,676.015,727.184,764.59,810.348,881.161,947.268,1004.789,1057.487,1132.77,1207.582,1293.687,1363.794,1454.603,1525.652,1592.465,1686.686,1759.969,1864.071,1988.17,2086.508,2196.374,2292.947,2382.816,2382.816,2537.263,2628.073,2728.528,2832.63,2948.966,3034.835,3146.112,3271.623,3372.666,3491.589,3574.518,3662.975,3781.193,3870.944,4015.51,4111.143,4205.128,4263.355,4437.799,4627.77,4734.46,4869.969,5003.125,5129.93,5247.088,5340.133,5439.059,5517.401,5629.266,5708.783,5810.533,5961.333,6028.617,6085.903,6137.542,6192.828,6259.171,6336.571,6411.501,6456.2,6508.545,6560.772,6615.234,6680.519,https://raw.githubusercontent.com/CivilServiceUSA/us-states/master/images/flags/virginia-large.png
New York,49.513,87.351,127.75,274.701,425.492,599.58,808.997,1069.31,1314.928,1579.132,1939.392,2297.757,2683.516,3054.118,3413.303,3882.828,4298.335,4736.525,5273.177,5828.518,6306.082,6749.239,7161.93,7734.679,8283.466,8824.624,9268.958,9678.935,10022.81,10395.102,10980.55,11453.506,11807.11,12376.224,12688.712,12957.268,13228.692,13481.171,13489.773,13906.048,14446.387,14748.583,14950.883,15110.123,15344.886,15584.564,15786.403,16025.16,16201.194,16331.145,16445.787,16588.437,16767.185,16917.617,17056.631,17173.014,17258.01,17331.23,17442.646,17565.02,17706.441,17830.299,17927.02,17991.023,18066.496,18144.579,18251.49,18338.329,18429.059,18510.42,18574.372,18629.261,18687.068,18777.594,18857.009,18927.463,18984.298,19032.479,19100.527,19154.034,19207.694,19262.736,19319.468,19359.457,19395.402,19430.373,19464.883,19502.568,19544.656,19591.558,19627.092,19658.838,19691.146,19720.178,19751.821,19792.578,https://raw.githubusercontent.com/CivilServiceUSA/us-states/master/images/flags/new-york-large.png
Utah,12.367,16.172,16.172,25.368,24.734,43.126,51.371,81.495,94.497,107.815,125.573,149.673,190.896,228.314,253.048,281.587,281.587,346.276,397.964,455.043,509.902,534.318,553.662,588.226,588.543,666.867,699.846,730.288,749.314,766.438,807.978,850.787,885.669,924.989,973.189,1018.852,1045.488,1092.42,1145.376,1199.283,1251.922,1307.415,1343.248,1377.812,1426.012,1481.505,1530.973,1580.758,1641.008,1686.036,1727.894,1774.191,1815.097,1876.932,1935.279,1982.211,2017.409,2039.606,2099.222,2140.128,2192.133,2241.284,2295.191,2341.488,2383.98,2444.864,2496.869,2554.898,2619.27,2661.128,2702.034,2733.427,2760.698,2828.875,2937.642,3022.942,3106.658,3170.712,3235.084,3328.63,3428.834,3568.042,3741.181,3826.164,3907.343,3982.496,4079.212,4202.248,4305.307,4433.416,4538.694,4632.24,4736.567,4865.628,5022.594,5208.416,https://raw.githubusercontent.com/CivilServiceUSA/us-states/master/images/flags/utah-large.png
North Carolina,3.66,6.165,6.743,11.848,16.568,24.37,29.379,34.002,47.68,56.831,71.087,85.44,98.251,114.722,126.474,147.858,161.343,190.433,216.826,239.462,255.163,285.312,317.773,337.038,359.867,381.925,419.395,440.201,470.64,492.505,514.371,543.172,582.279,609.539,635.836,664.155,687.176,721.949,753.255,798.527,844.57,866.628,908.144,939.642,980.58,1035.87,1066.308,1116.204,1133.735,1153.096,1205.015,1257.319,1304.229,1349.116,1394.581,1438.89,1471.255,1504.776,1575.092,1634.428,1685.094,1746.356,1798.66,1850.098,1853.18,1951.719,1975.8,2129.726,2202.355,2250.613,2317.27,2355.607,2400.012,2485.162,2589.674,2677.233,2772.69,2850.424,2891.939,3012.633,3089.596,3207.112,3344.181,3431.547,3517.468,3585.858,3705.878,3812.894,3989.456,4127.007,4263.691,4345.567,4421.952,4520.877,4639.741,4639.741,https://raw.githubusercontent.com/CivilServiceUSA/us-states/master/images/flags/north-carolina-large.png
Alaska,1.36,4.081,8.162,12.243,16.323,20.404,27.206,40.809,46.25,55.772,76.176,78.897,115.624,138.749,155.073,161.874,179.558,194.521,213.565,232.609,251.653,258.455,289.741,307.425,319.667,334.631,349.594,369.998,376.799,387.682,398.564,408.086,420.329,427.13,433.932,436.652,447.534,455.696,458.417,461.137,461.137,462.498,469.299,477.461,482.902,482.902,495.144,496.505,500.586,503.306,504.666,506.027,508.747,512.828,514.188,515.549,515.549,520.99,520.99,520.99,527.791,527.791,527.791,527.791,544.115,545.475,545.475,548.196,553.637,553.637,554.997,557.718,559.078,576.762,583.563,589.004,624.372,633.894,661.099,685.585,696.467,711.43,727.754,738.636,764.481,778.084,805.29,828.415,848.819,888.267,897.789,901.87,918.194,945.399,961.723,979.407,https://raw.githubusercontent.com/CivilServiceUSA/us-states/master/images/flags/alaska-large.png
Hawaii,4.928,7.039,9.855,11.263,18.302,26.045,37.308,39.42,63.354,64.058,66.873,74.617,104.886,104.886,123.188,143.602,157.681,180.206,224.554,247.08,261.159,272.421,288.612,288.612,311.138,311.138,327.328,351.262,354.781,359.709,368.86,373.084,380.827,404.057,408.28,411.096,412.504,416.727,419.543,423.063,425.878,426.582,427.286,428.694,431.51,435.03,435.734,436.437,436.437,437.141,439.957,440.661,442.773,442.773,444.181,444.885,446.292,446.996,449.108,448.404,449.108,449.812,450.516,450.516,451.22,452.628,455.444,451.924,452.628,452.628,452.628,452.628,453.332,455.444,456.851,458.259,458.963,458.963,459.667,459.667,461.075,467.41,473.746,475.154,475.858,480.081,482.193,487.121,496.976,508.942,512.462,518.094,518.094,523.725,536.396,555.402,https://raw.githubusercontent.com/CivilServiceUSA/us-states/master/images/flags/hawaii-large.png
