state,url,March 16,March 17,March 18,March 19,March 20,March 21,March 22,March 23,March 24,March 25,March 26,March 27,March 28,March 29,March 30,March 31,April 01,April 02,April 03,April 04,April 05,April 06,April 07,April 08,April 09,April 10,April 11,April 12,April 13,April 14,April 15,April 16,April 17,April 18,April 19,April 20,April 21,April 22,April 23,April 24,April 25,April 26,April 27,April 28,April 29,April 30,May 01,May 02,May 03,May 04,May 05,May 06,May 07,May 08,May 09,May 10,May 11,May 12,May 13,May 14,May 15,May 16,May 17,May 18,May 19,May 20,May 21,May 22,May 23,May 24,May 25,May 26,May 27,May 28,May 29,May 30,May 31,June 01,June 02,June 03,June 04,June 05,June 06,June 07,June 08,June 09,June 10,June 11,June 12,June 13,June 14,June 15,June 16,June 17,June 18,June 19,June 20,June 21,June 22,June 23,June 24,June 25,June 26,June 27,June 28,June 29,June 30,July 01,July 02,July 03,July 04,July 05,July 06,July 07,July 08,July 09,July 10,July 11,July 12,July 13,July 14,July 15,July 16,July 17,July 18,July 19,July 20,July 21,July 22,July 23,July 24,July 25,July 26,July 27,July 28,July 29,July 30,July 31,August 01,August 02,August 03,August 04,August 05,August 06,August 07,August 08,August 09,August 10,August 11,August 12,August 13,August 14,August 15,August 16,August 17,August 18,August 19,August 20,August 21,August 22,August 23,August 24,August 25,August 26,August 27,August 28,August 29,August 30,August 31,September 01,September 02,September 03,September 04,September 05,September 06,September 07,September 08,September 09,September 10,September 11,September 12,September 13,September 14,September 15,September 16,September 17,September 18,September 19,September 20,September 21,September 22,September 23,September 24
Delaware,https://raw.githubusercontent.com/CivilServiceUSA/us-states/master/images/flags/delaware-large.png,0.0,0.0,0.0,0.0,0.0,0.0,0.0,0.0,0.0,0.0,1.036,2.072,5.179,6.215,6.215,10.358,11.393,12.429,14.501,14.501,14.501,15.536,16.572,19.679,23.822,33.144,34.18,36.251,42.466,44.537,47.645,56.967,63.181,69.396,69.396,74.574,84.932,92.182,95.289,103.576,116.005,124.291,129.469,141.898,149.149,157.435,164.685,174.007,183.329,188.507,193.686,199.901,209.223,220.616,228.902,228.902,233.045,245.474,255.832,269.296,280.69,296.226,300.369,307.619,314.87,321.084,328.334,333.513,333.513,337.656,343.871,346.978,356.3,357.336,368.729,373.908,379.086,381.158,386.337,388.408,399.802,401.873,403.945,412.231,412.231,424.66,427.767,428.803,428.803,433.981,437.089,438.124,439.16,441.232,446.411,448.482,449.518,450.554,450.554,522.021,523.056,525.128,525.128,525.128,525.128,525.128,527.199,527.199,528.235,530.307,530.307,530.307,530.307,532.378,533.414,535.485,535.485,535.485,535.485,535.485,536.521,539.629,539.629,539.629,541.7,541.7,541.7,543.772,545.843,547.915,598.667,599.702,599.702,599.702,600.738,601.774,601.774,605.917,605.917,605.917,605.917,607.988,607.988,607.988,609.024,611.096,612.131,612.131,612.131,613.167,614.203,614.203,614.203,614.203,614.203,614.203,616.274,616.274,621.453,621.453,621.453,625.596,624.56,625.596,625.596,625.596,625.596,625.596,626.632,626.632,627.668,627.668,627.668,629.739,630.775,630.775,630.775,630.775,634.918,634.918,634.918,636.99,639.061,640.097,641.133,641.133,642.168,643.204,643.204,649.419,650.454,651.49,652.526
Ohio,https://raw.githubusercontent.com/CivilServiceUSA/us-states/master/images/flags/ohio-large.png,0.0,0.0,0.0,0.0,0.171,0.257,0.257,0.514,0.685,0.942,1.285,1.627,2.141,2.484,3.426,4.71,5.567,6.937,7.794,8.736,10.192,12.161,14.302,16.529,18.242,19.784,21.154,21.668,23.466,27.748,31.003,34.857,35.799,38.625,40.338,43.592,47.703,52.242,56.182,59.094,60.892,62.348,64.489,68.429,80.248,83.588,85.9,87.527,88.983,90.525,97.205,104.913,108.853,111.85,113.991,114.848,116.218,122.984,127.009,131.377,135.402,137.886,139.17,141.911,147.306,152.531,157.327,160.324,167.518,168.632,170.173,171.458,175.055,179.68,182.506,184.047,184.561,189.015,193.468,196.98,200.405,201.861,203.146,203.745,206.058,207.514,210.597,213.423,214.965,218.904,219.161,220.531,222.587,223.615,225.499,228.411,230.98,231.237,231.579,234.234,235.947,237.403,238.773,240.144,240.401,241.343,245.197,246.31,246.31,248.622,248.965,249.308,250.678,254.361,256.159,257.444,259.67,260.013,261.897,262.411,262.839,263.353,265.751,266.522,268.235,271.832,273.116,275.686,277.056,278.854,282.366,282.366,283.222,286.391,289.646,293.071,294.784,298.809,301.036,302.235,303.092,305.746,307.973,309.857,312.769,314.14,314.225,314.568,317.565,319.792,321.59,324.074,327.5,327.671,328.185,331.097,334.608,336.492,338.719,340.432,340.689,341.374,342.23,346.341,349.082,351.566,364.155,353.621,354.477,356.79,357.646,361.928,363.813,364.498,364.755,366.211,368.095,370.321,372.891,377.087,377.772,378.115,378.458,385.909,390.105,392.246,394.644,394.987,395.244,395.929,396.957,401.41,403.808
Maryland,https://raw.githubusercontent.com/CivilServiceUSA/us-states/master/images/flags/maryland-large.png,0.0,0.0,0.0,0.166,0.166,0.331,0.497,0.497,0.663,0.663,0.663,0.828,0.828,1.657,2.485,2.982,5.136,5.964,7.124,8.947,11.1,15.077,17.065,20.544,22.864,28.331,34.13,39.1,43.408,50.035,51.526,52.851,55.336,69.75,76.378,96.425,108.022,115.643,123.927,132.211,144.968,150.767,156.566,168.329,178.601,188.873,178.932,207.263,212.234,218.198,230.293,238.079,249.014,258.458,267.404,272.375,278.836,290.931,299.712,309.155,316.611,324.232,330.031,335.167,344.776,351.735,357.699,365.651,371.616,377.249,381.391,386.527,396.302,402.266,408.562,415.686,419.497,422.81,430.266,437.556,442.029,447.662,453.958,455.449,459.922,465.721,471.188,476.324,480.466,484.774,486.928,488.253,494.052,496.371,499.685,502.005,505.649,507.969,509.294,512.277,514.927,518.407,520.56,523.046,524.868,526.028,528.513,530.998,532.158,533.98,536.134,537.294,537.791,541.105,542.596,544.749,547.235,548.394,549.885,550.88,552.371,553.53,554.524,556.513,558.004,559.495,560.323,563.637,564.134,564.797,566.95,568.773,569.933,571.092,572.915,576.228,577.885,578.713,580.867,582.358,583.684,584.844,585.838,588.323,590.642,592.63,593.956,594.95,597.104,598.429,599.755,601.577,602.405,602.902,603.234,604.725,606.547,607.873,608.701,610.524,611.518,612.015,614.169,615.825,616.654,617.482,620.63,621.624,622.121,623.115,623.944,625.932,627.754,628.914,629.411,630.239,630.736,632.227,633.553,634.216,635.541,635.872,636.038,637.695,638.689,639.683,641.008,642.168,642.665,643.328,645.316,646.476,647.636
Arizona,https://raw.githubusercontent.com/CivilServiceUSA/us-states/master/images/flags/arizona-large.png,0.0,0.0,0.0,0.0,0.0,0.14,0.279,0.279,0.699,0.838,1.118,1.816,2.096,2.375,2.794,3.353,4.051,4.471,5.728,7.265,8.941,9.081,10.198,11.176,12.434,13.551,15.088,16.066,17.044,18.301,19.838,20.956,23.61,25.147,25.705,26.683,29.058,32.271,34.786,37.161,38.139,38.418,38.418,38.418,43.029,44.705,46.102,46.102,50.573,50.573,55.183,59.514,62.867,72.227,74.322,74.881,75.719,78.513,83.123,87.175,90.947,94.859,94.998,95.976,98.491,104.358,106.733,108.27,111.902,111.902,112.741,113.16,116.513,120.145,123.777,126.292,126.711,128.248,131.74,137.328,139.564,141.799,145.711,146.828,147.108,150.321,153.813,158.563,161.497,166.107,166.387,168.063,171.556,174.489,179.239,184.548,188.041,188.46,188.739,195.026,204.945,208.857,214.584,220.731,222.687,223.246,229.812,240.988,246.437,251.187,253.841,254.959,255.517,269.208,274.238,284.715,290.862,300.502,312.516,313.774,326.487,340.038,348.141,360.854,381.39,385.721,388.934,407.654,415.478,427.911,439.088,459.065,461.72,461.58,476.109,482.535,506.564,516.064,523.468,525.983,527.939,537.159,549.314,559.093,570.129,577.953,579.769,580.328,586.614,607.291,612.32,617.908,627.547,629.503,629.503,632.717,647.385,654.371,654.929,664.429,666.525,666.525,669.458,683.988,688.598,695.443,699.495,702.708,702.568,704.664,707.598,716.678,722.406,727.435,729.391,729.112,729.391,733.582,736.656,738.751,742.523,743.501,743.501,746.575,750.347,755.655,761.523,763.758,765.155,765.295,768.089,771.861,776.611
Oregon,https://raw.githubusercontent.com/CivilServiceUSA/us-states/master/images/flags/oregon-large.png,0.239,0.239,0.478,0.717,0.717,1.196,1.196,1.196,1.913,2.391,2.63,2.87,3.109,3.109,3.826,4.304,4.543,5.022,5.261,5.261,6.456,6.456,6.935,7.891,10.522,10.522,11.478,12.435,12.674,13.152,13.869,15.304,16.739,17.217,17.695,17.934,18.652,18.652,19.848,20.565,20.804,22.0,22.0,23.674,24.152,24.63,24.869,26.065,26.065,26.065,27.021,27.5,28.934,29.652,30.369,30.369,31.086,31.086,32.043,32.76,32.76,32.76,32.76,32.999,33.478,34.434,34.673,35.152,35.152,35.391,35.391,35.391,35.391,36.108,36.108,36.586,36.586,36.825,37.543,38.021,38.021,38.499,38.499,38.978,39.217,40.412,40.412,40.891,41.369,41.369,41.369,43.043,43.521,43.76,44.717,44.956,44.956,44.956,45.912,45.912,46.63,47.108,48.304,48.304,48.304,48.782,49.499,49.738,49.977,49.977,50.934,51.412,51.412,52.608,53.564,54.999,55.477,55.477,55.956,56.673,58.347,59.064,59.543,60.738,61.456,62.173,62.651,64.325,64.803,65.282,67.434,67.434,69.108,69.108,72.455,74.368,75.564,76.999,77.716,77.955,78.434,79.629,80.825,81.064,83.216,84.89,85.129,85.368,87.999,89.672,91.585,92.064,92.303,92.781,92.781,94.933,97.564,98.52,98.998,99.716,99.716,100.433,102.346,103.542,104.737,106.89,108.563,109.52,109.759,110.955,111.911,112.389,113.585,114.781,115.02,115.259,116.216,118.129,118.846,119.324,120.759,121.715,121.715,124.107,124.585,124.585,124.585,125.541,125.781,126.498,127.215,128.65,128.889
Montana,https://raw.githubusercontent.com/CivilServiceUSA/us-states/master/images/flags/montana-large.png,0.0,0.0,0.0,0.0,0.0,0.0,0.0,0.0,0.0,0.0,0.0,0.943,0.943,0.943,4.714,4.714,5.657,5.657,4.714,5.657,5.657,5.657,5.657,5.657,5.657,5.657,5.657,5.657,6.6,6.6,6.6,6.6,7.542,9.428,9.428,9.428,11.314,13.199,13.199,13.199,13.199,13.199,13.199,14.142,15.085,15.085,15.085,15.085,15.085,15.085,15.085,15.085,15.085,15.085,15.085,15.085,15.085,15.085,15.085,15.085,15.085,15.085,15.085,15.085,15.085,15.085,15.085,15.085,15.085,15.085,15.085,16.028,16.028,16.028,16.028,16.028,16.028,16.028,16.028,16.028,16.028,16.97,16.97,16.97,16.97,16.97,16.97,16.97,16.97,16.97,17.913,17.913,17.913,18.856,18.856,18.856,18.856,18.856,19.799,19.799,19.799,19.799,20.742,20.742,20.742,20.742,20.742,20.742,20.742,21.685,21.685,21.685,21.685,21.685,21.685,23.57,26.399,27.341,27.341,30.17,32.055,32.055,32.998,34.884,34.884,34.884,36.769,37.712,39.598,40.541,43.369,43.369,43.369,44.312,48.083,50.911,51.854,56.568,57.511,57.511,60.34,60.34,61.282,61.282,65.996,70.71,70.71,70.71,72.596,75.424,76.367,76.367,77.31,77.31,77.31,79.196,79.196,83.91,83.91,84.852,84.852,85.795,91.452,92.395,92.395,94.28,98.052,98.052,98.052,98.994,102.766,104.651,107.48,109.365,110.308,111.251,112.194,115.022,115.965,123.507,125.393,127.279,130.107,131.993,132.935,134.821,137.649,147.078,148.02,150.849,153.677,155.563,155.563
Tennessee,https://raw.githubusercontent.com/CivilServiceUSA/us-states/master/images/flags/tennessee-large.png,0.0,0.0,0.0,0.0,0.0,0.148,0.295,0.295,0.295,0.443,0.443,0.886,1.034,1.181,2.067,3.397,3.544,5.316,6.055,7.384,7.827,9.599,10.633,11.814,13.881,14.472,15.654,15.654,16.097,18.312,18.312,20.084,20.822,20.97,21.856,22.447,23.185,23.185,25.252,24.957,26.138,26.729,27.172,27.763,28.797,29.387,30.126,30.864,31.012,32.341,33.375,35.294,35.147,35.737,35.737,35.885,37.066,39.282,40.315,42.383,42.826,43.564,44.007,44.45,45.041,45.041,46.222,46.518,48.585,49.619,49.914,50.652,52.129,52.572,53.311,53.754,53.754,53.754,56.264,57.298,59.218,60.251,61.58,61.728,62.171,64.239,64.534,65.125,68.817,69.703,69.998,71.179,72.804,73.542,75.019,76.053,77.382,77.677,78.415,80.04,82.107,83.732,85.208,86.242,86.242,87.424,89.196,89.934,91.558,93.478,94.069,95.25,96.284,98.204,101.157,104.849,106.769,108.984,109.427,110.609,113.267,115.629,117.549,120.355,123.752,124.49,125.081,128.625,131.135,136.599,138.519,142.359,142.802,144.426,147.527,150.628,152.548,156.535,157.569,158.455,161.261,164.953,168.94,175.142,178.096,179.425,180.606,182.083,187.695,190.353,193.897,195.817,198.623,201.724,204.825,210.289,214.424,219.74,228.748,230.816,231.407,234.508,240.415,243.368,247.06,251.195,254.739,257.988,259.022,263.009,265.372,268.03,271.279,274.971,275.414,276.004,279.992,285.16,293.578,299.042,304.801,306.868,309.674,314.105,317.649,319.569,324.294,327.248,327.543,329.758,333.893,336.256,341.424
Alabama,https://raw.githubusercontent.com/CivilServiceUSA/us-states/master/images/flags/alabama-large.png,0.0,0.0,0.0,0.0,0.0,0.0,0.0,0.0,0.0,0.205,0.205,0.818,0.818,2.046,2.046,4.706,5.524,6.547,7.775,9.002,9.207,10.025,13.094,13.503,14.322,16.368,18.823,19.027,20.255,23.324,24.142,27.211,30.28,31.303,32.122,33.349,37.441,40.101,41.328,42.761,42.761,44.807,46.648,49.512,52.377,55.65,59.128,58.924,59.333,60.97,64.448,70.176,75.496,78.36,79.792,80.406,82.452,88.999,92.068,96.774,98.82,99.229,99.843,100.047,103.116,106.799,108.231,110.686,112.323,112.732,115.801,118.666,119.279,120.916,124.804,126.44,128.895,132.169,133.601,133.601,133.601,138.307,140.967,141.58,146.9,149.15,152.219,154.47,157.334,158.153,158.153,158.357,160.608,161.631,165.723,168.178,171.451,171.656,172.065,176.771,182.295,183.318,185.569,188.024,188.024,190.07,194.366,198.867,201.527,205.824,206.028,206.028,206.028,211.348,216.463,218.509,225.874,227.92,229.352,229.966,238.15,247.766,251.653,258.814,263.11,263.315,264.133,266.589,279.069,285.821,294.209,297.892,301.37,305.053,305.053,314.669,320.193,323.262,327.967,332.878,334.105,340.857,346.79,350.678,354.974,359.066,361.726,367.659,377.889,385.05,386.686,387.3,387.914,388.323,393.847,396.098,397.735,403.873,408.374,411.443,411.852,414.102,416.762,418.399,424.741,431.084,440.291,442.337,446.428,450.111,453.589,456.863,463.615,465.456,465.661,465.661,465.865,467.502,470.775,477.322,480.801,481.005,481.824,488.371,489.394,491.235,496.759,498.6,498.6,499.01,502.692,509.035,512.718
Indiana,https://raw.githubusercontent.com/CivilServiceUSA/us-states/master/images/flags/indiana-large.png,0.149,0.299,0.299,0.299,0.299,0.597,0.896,1.045,1.792,2.091,2.539,3.734,4.63,4.779,5.227,7.318,9.708,11.65,15.234,17.325,18.968,21.358,25.838,30.319,36.592,44.806,49.287,51.228,52.274,57.8,65.118,71.242,77.963,81.398,83.937,86.177,94.84,99.47,105.444,110.671,117.392,121.425,126.055,134.568,143.977,166.38,175.491,166.53,169.069,171.907,180.868,205.661,211.187,216.115,222.538,225.226,230.005,235.681,241.804,245.837,252.558,260.026,261.519,263.61,272.422,278.396,285.714,289.896,293.331,295.124,296.319,299.306,303.189,308.864,315.137,317.377,318.722,320.066,328.131,329.625,333.209,337.242,342.32,343.963,345.904,349.339,351.729,355.463,357.852,360.391,361.736,363.379,365.47,369.651,372.041,375.775,378.762,379.359,381.301,383.691,385.035,386.23,387.574,390.71,391.158,391.905,394.295,395.788,397.581,400.418,401.314,402.211,402.957,405.795,408.035,409.081,410.425,411.62,412.217,412.516,414.458,415.951,417.445,418.64,421.179,421.477,421.925,425.062,427.601,430.14,430.737,432.38,433.575,434.023,436.711,437.906,439.997,442.835,443.731,444.328,445.075,447.465,449.108,450.004,451.497,453.439,454.186,454.634,458.368,460.907,463.745,464.939,467.18,467.926,468.225,472.706,474.946,476.589,479.128,480.622,480.92,481.667,484.057,486.745,487.791,489.433,490.628,491.524,492.271,494.661,496.602,497.648,500.336,502.129,502.427,503.025,504.817,507.356,509.298,510.791,513.33,513.479,513.629,516.765,518.557,519.454,521.993,523.187,523.636,524.532,525.726,527.22,529.908
Connecticut,https://raw.githubusercontent.com/CivilServiceUSA/us-states/master/images/flags/connecticut-large.png,0.0,0.0,0.0,0.56,0.84,1.12,2.24,2.8,3.36,5.32,5.88,7.56,9.24,9.52,10.08,19.32,23.799,31.359,36.679,46.199,52.919,57.679,77.558,91.278,106.397,125.437,138.316,155.116,168.556,187.875,243.034,271.873,290.073,304.072,315.552,372.67,398.43,432.309,458.908,494.747,522.187,538.706,563.346,584.345,607.304,631.944,654.903,682.063,682.063,715.662,737.221,761.021,783.14,804.699,820.939,830.739,842.218,851.458,874.978,901.297,919.776,934.896,954.216,965.975,972.135,988.095,1003.214,1018.334,1028.974,1034.014,1047.733,1055.293,1064.813,1071.253,1083.012,1095.332,1104.292,1111.572,1112.132,1116.891,1121.931,1130.611,1135.371,1139.851,1143.491,1147.131,1153.57,1160.85,1164.49,1172.05,1176.25,1177.09,1178.77,1181.29,1183.25,1186.61,1190.25,1192.769,1193.609,1197.529,1200.329,1203.409,1205.929,1207.049,1208.449,1209.569,1210.129,1210.689,1211.249,1213.769,1213.769,1213.769,1214.609,1214.609,1216.009,1217.409,1217.409,1217.409,1217.409,1223.849,1224.129,1226.369,1228.889,1230.848,1230.848,1230.848,1233.648,1233.648,1233.648,1234.768,1235.608,1235.608,1235.608,1237.008,1238.408,1238.968,1240.648,1240.928,1240.928,1240.928,1242.328,1242.328,1242.328,1242.328,1243.448,1243.448,1243.448,1244.288,1244.288,1245.968,1245.968,1246.808,1246.808,1246.808,1247.648,1247.648,1247.928,1248.208,1248.768,1248.768,1248.768,1248.768,1249.608,1249.608,1250.168,1250.168,1250.168,1250.168,1250.168,1250.448,1250.728,1251.008,1251.008,1251.008,1251.008,1251.008,1252.688,1252.688,1253.808,1254.368,1254.368,1254.368,1255.768,1255.768,1256.328,1256.608,1257.728,1257.728,1257.728,1258.568,1258.848,1259.128,1259.688
Mississippi,https://raw.githubusercontent.com/CivilServiceUSA/us-states/master/images/flags/mississippi-large.png,0.0,0.0,0.0,0.335,0.335,0.335,0.335,0.335,0.335,1.006,2.013,2.684,4.361,4.696,5.367,6.709,7.38,8.722,9.728,11.741,14.425,17.108,20.127,22.476,25.495,27.507,31.197,32.204,32.875,37.236,40.926,43.274,46.964,50.989,53.337,56.692,61.388,64.743,67.427,70.11,74.136,76.148,76.819,80.174,83.864,87.554,94.263,97.618,101.643,103.991,114.726,125.46,132.84,137.201,141.227,144.246,145.923,153.303,155.987,161.019,165.38,171.082,174.772,176.785,185.842,191.21,194.564,199.596,206.641,209.66,213.014,218.717,224.755,232.471,238.174,242.534,246.224,247.902,257.294,262.326,266.352,269.371,272.055,274.067,280.776,284.131,291.176,291.176,295.536,298.22,298.891,300.233,306.942,314.657,314.657,314.657,314.657,314.657,328.076,331.766,339.146,340.823,342.836,347.197,348.538,355.248,359.944,362.963,366.318,370.008,371.349,372.691,373.698,388.458,398.521,403.889,407.579,412.61,418.984,419.32,426.7,432.738,438.776,446.827,451.523,454.542,455.549,465.948,477.353,481.714,490.772,495.803,500.835,502.513,516.602,524.317,540.419,557.863,567.926,571.281,573.965,588.054,605.162,612.207,619.922,628.644,636.024,641.391,652.126,667.221,674.601,685.336,697.748,699.09,702.78,713.514,725.591,734.648,742.699,750.414,751.421,754.104,776.58,796.036,804.758,809.454,814.151,818.847,829.582,836.291,847.361,850.716,858.096,861.786,866.817,867.153,867.153,879.9,890.97,895.667,900.698,904.724,907.743,917.136,924.516,932.567,936.592,942.295,942.63,942.63,954.707,962.758,964.1
Wyoming,https://raw.githubusercontent.com/CivilServiceUSA/us-states/master/images/flags/wyoming-large.png,0.0,0.0,0.0,0.0,0.0,0.0,0.0,0.0,0.0,0.0,0.0,0.0,0.0,0.0,0.0,0.0,0.0,0.0,0.0,0.0,0.0,0.0,0.0,0.0,0.0,0.0,0.0,0.0,1.731,1.731,1.731,3.463,3.463,3.463,3.463,3.463,3.463,10.388,12.119,12.119,12.119,12.119,12.119,12.119,12.119,12.119,12.119,12.119,12.119,12.119,12.119,12.119,12.119,12.119,12.119,12.119,12.119,12.119,12.119,12.119,12.119,12.119,13.85,17.313,17.313,19.044,20.776,20.776,20.776,20.776,20.776,22.507,24.238,25.969,25.969,27.701,27.701,29.432,29.432,29.432,29.432,29.432,29.432,29.432,29.432,29.432,31.163,31.163,31.163,31.163,31.163,31.163,31.163,31.163,31.163,34.626,34.626,34.626,34.626,34.626,34.626,34.626,34.626,34.626,34.626,34.626,34.626,34.626,34.626,34.626,34.626,34.626,34.626,36.357,36.357,36.357,36.357,36.357,36.357,36.357,38.089,38.089,41.551,41.551,41.551,43.282,41.551,43.282,43.282,43.282,43.282,43.282,43.282,43.282,45.014,45.014,45.014,45.014,45.014,45.014,46.745,46.745,46.745,46.745,48.476,48.476,48.476,48.476,50.208,50.208,51.939,51.939,51.939,51.939,51.939,51.939,58.864,58.864,64.058,64.058,64.058,64.058,64.058,64.058,64.058,64.058,64.058,64.058,64.058,64.058,70.983,70.983,72.715,72.715,72.715,72.715,72.715,72.715,72.715,72.715,72.715,72.715,72.715,72.715,86.565,84.834,84.834,84.834,84.834,84.834,84.834,86.565,86.565
Illinois,https://raw.githubusercontent.com/CivilServiceUSA/us-states/master/images/flags/illinois-large.png,0.0,0.079,0.079,0.314,0.393,0.472,0.707,0.943,1.258,1.493,2.044,2.672,3.694,5.187,5.738,7.781,11.082,12.811,16.505,19.178,21.536,24.129,24.208,36.312,36.312,46.923,53.21,56.59,62.721,68.223,74.589,84.256,88.972,98.954,101.391,106.028,115.381,123.005,132.672,141.082,147.37,151.929,155.859,167.019,174.093,185.097,193.114,201.131,205.768,208.99,222.745,233.749,244.516,254.734,263.223,267.703,271.868,283.029,298.041,308.73,319.027,324.529,328.301,332.781,344.178,355.653,362.098,370.587,376.481,381.669,383.948,386.935,399.51,407.606,414.208,418.924,423.64,425.369,434.251,441.796,450.835,455.472,460.895,464.039,465.611,472.999,479.051,486.125,492.02,494.299,495.792,497.207,502.866,509.704,513.791,517.171,520.708,522.437,524.323,527.153,532.104,535.248,538.156,540.2,541.379,542.479,544.13,546.33,546.33,550.575,551.282,551.754,552.225,571.639,574.468,576.04,577.298,579.184,580.677,581.149,583.114,583.743,585.708,586.729,588.144,588.537,589.009,590.816,592.624,594.196,595.532,596.475,596.554,597.969,600.327,601.584,602.842,604.571,605.2,606.3,607.008,608.501,610.702,612.352,614.789,616.203,616.596,616.675,618.247,619.426,621.312,623.434,623.827,625.242,626.185,628.307,630.115,632.237,633.966,635.303,635.774,636.403,638.682,641.59,643.398,644.97,645.835,646.699,647.249,650.236,652.358,654.245,657.231,659.039,659.432,660.061,660.611,662.812,665.012,668.471,670.2,671.3,671.693,673.108,675.859,677.824,679.632,681.596,682.697,683.247,685.526,687.255,689.613
New Hampshire,https://raw.githubusercontent.com/CivilServiceUSA/us-states/master/images/flags/new-hampshire-large.png,0.0,0.0,0.0,0.0,0.0,0.0,0.0,0.739,0.739,0.739,0.739,0.739,1.478,1.478,2.217,2.217,2.217,2.217,3.694,5.172,6.65,6.65,6.65,9.605,15.516,15.516,16.255,16.993,16.993,18.471,23.643,23.643,27.337,28.076,28.076,31.031,31.031,35.465,37.681,39.159,39.159,44.331,44.331,44.331,44.331,53.197,59.846,62.063,63.541,63.541,67.974,67.974,84.228,89.4,96.789,98.266,98.266,104.916,110.827,111.566,111.566,126.342,127.081,127.081,127.081,140.38,147.03,150.724,153.68,154.418,155.157,158.113,164.762,171.412,175.845,175.845,181.017,181.017,189.144,195.794,201.705,205.399,209.093,211.309,211.309,211.309,222.392,227.564,232.736,234.953,236.43,236.43,240.863,243.819,244.557,248.991,250.468,250.468,250.468,253.424,256.379,263.767,269.678,271.156,271.156,271.156,274.111,275.589,277.067,277.805,280.022,281.5,282.239,283.716,285.194,285.933,288.149,288.888,288.888,288.888,289.627,291.105,291.844,291.844,292.582,294.06,294.06,295.538,297.015,299.232,300.71,302.187,302.187,302.187,302.187,303.665,306.62,306.62,307.359,308.098,308.098,308.837,308.837,309.576,309.576,309.576,309.576,309.576,309.576,310.315,311.792,312.531,312.531,312.531,312.531,313.27,315.487,316.225,316.225,316.964,316.964,316.964,316.964,316.964,318.442,319.181,319.181,319.181,319.181,319.181,319.181,319.181,319.181,319.181,319.92,319.92,319.92,319.92,320.658,320.658,321.397,322.136,322.136,323.614,323.614,323.614,323.614,323.614,323.614,323.614,323.614,323.614,323.614
Pennsylvania,https://raw.githubusercontent.com/CivilServiceUSA/us-states/master/images/flags/pennsylvania-large.png,0.0,0.0,0.0,0.078,0.078,0.156,0.312,0.469,0.625,1.172,1.406,1.719,2.656,3.203,3.906,4.922,5.781,7.031,7.968,10.624,11.796,13.983,19.295,24.842,26.951,32.654,39.294,43.512,46.012,53.98,60.855,65.698,71.948,81.4,99.68,105.305,126.085,130.694,134.678,136.475,140.068,141.865,147.333,159.832,185.377,193.345,205.845,210.532,212.485,221.703,248.341,261.309,280.37,290.213,295.213,297.322,299.353,305.759,319.821,334.976,345.444,349.975,351.147,352.709,361.536,372.629,380.363,391.378,399.346,401.221,402.002,403.33,411.298,419.735,426.844,432.547,433.953,434.891,442.702,448.561,455.592,460.748,463.326,464.263,465.045,469.81,473.56,477.544,481.372,485.199,485.512,487.699,490.277,493.636,496.917,499.886,501.448,501.761,501.995,504.964,509.182,512.229,513.947,515.822,516.057,516.682,519.416,522.15,524.337,526.993,527.228,527.54,527.618,530.196,532.149,534.961,537.461,538.789,539.336,539.883,541.445,543.476,545.586,547.148,548.007,548.554,548.789,550.82,552.851,554.101,555.897,556.522,556.757,557.069,558.866,560.194,561.991,563.006,563.944,564.256,564.334,566.209,566.678,568.865,569.959,571.053,571.131,571.365,573.631,576.521,577.693,580.739,582.067,582.224,582.224,583.864,586.52,587.458,588.786,590.192,590.348,590.348,592.301,594.723,595.426,596.988,598.082,598.238,598.316,599.801,601.91,603.394,604.253,605.425,605.425,607.066,607.769,608.862,609.878,611.597,611.597,611.597,613.628,614.018,615.737,616.596,618.784,620.268,621.83,623.783,625.111,627.924,629.173
Minnesota,https://raw.githubusercontent.com/CivilServiceUSA/us-states/master/images/flags/minnesota-large.png,0.0,0.0,0.0,0.0,0.0,0.178,0.178,0.178,0.178,0.178,0.357,0.713,0.892,1.605,1.784,2.14,3.032,3.211,3.924,4.281,5.173,5.351,6.065,6.957,8.919,10.167,11.416,12.486,12.486,14.091,15.518,15.518,19.799,21.583,23.902,25.507,28.54,31.929,35.674,39.42,43.523,48.517,51.015,53.69,56.901,61.182,65.998,70.279,74.56,76.165,81.159,86.511,90.613,95.251,99.532,103.099,105.418,109.521,113.802,119.866,123.434,126.466,130.39,131.996,135.028,140.201,145.909,151.795,153.579,156.611,158.751,161.962,168.027,174.27,179.443,184.794,187.291,189.075,192.999,195.675,200.847,206.734,210.658,213.512,215.474,219.041,225.998,228.317,232.776,234.381,237.057,238.127,239.732,242.051,245.44,248.473,250.435,251.862,252.575,254.181,255.429,257.035,257.926,258.997,260.424,262.207,263.278,264.348,266.667,268.094,268.094,268.986,269.521,270.056,271.661,272.553,273.445,274.158,274.693,275.05,276.12,277.904,279.331,280.58,281.472,282.007,282.72,283.255,283.969,285.574,286.466,287.358,287.893,288.25,288.963,290.569,291.46,292.531,293.601,295.028,295.385,296.098,297.882,299.13,299.844,301.271,302.876,303.411,304.482,307.514,308.763,310.19,304.125,312.508,313.579,315.184,318.216,319.465,320.892,322.319,323.389,324.103,325.53,328.205,330.881,331.594,332.308,332.664,332.843,333.735,335.697,336.945,338.729,339.443,340.513,341.048,341.405,342.653,345.329,347.648,349.253,351.572,352.107,352.999,354.069,355.675,357.102,359.42,359.777,360.491,362.274,363.345,363.88
Colorado,https://raw.githubusercontent.com/CivilServiceUSA/us-states/master/images/flags/colorado-large.png,0.176,0.351,0.351,0.703,0.703,0.703,1.054,1.23,1.406,2.811,3.338,4.744,5.447,8.258,8.258,12.124,12.124,14.057,17.044,19.503,24.599,26.356,31.452,33.911,33.911,39.71,43.927,50.779,53.766,57.456,57.632,62.376,65.363,68.35,73.797,73.797,84.867,88.908,96.99,118.427,120.184,120.887,124.049,129.32,134.592,136.524,144.256,146.188,147.945,149.527,158.664,161.475,165.868,168.679,169.909,170.612,173.423,177.464,186.601,190.818,202.063,209.443,213.484,215.066,220.864,228.244,230.176,232.636,233.163,234.042,234.218,237.556,244.584,249.68,252.316,253.545,253.897,256.181,258.992,262.507,265.669,267.778,268.305,268.305,271.116,272.873,276.212,277.969,277.969,280.604,280.78,282.01,284.119,286.578,287.808,288.687,289.39,289.39,290.093,292.552,292.904,293.255,293.958,294.134,294.485,295.364,296.945,298.175,298.878,298.878,298.878,298.878,297.121,297.999,299.405,299.756,302.919,303.095,303.095,303.446,305.379,306.433,306.609,307.663,307.839,307.839,308.893,309.772,311.177,313.813,314.516,315.219,315.219,316.097,317.503,320.138,320.138,322.95,324.004,324.004,324.004,324.883,325.234,325.41,326.288,326.288,326.464,327.167,329.275,329.451,330.681,331.735,333.141,333.141,333.141,333.668,333.844,334.371,335.601,337.006,337.006,337.182,338.412,338.588,339.291,340.345,341.223,341.223,341.75,341.926,342.98,343.508,343.508,346.319,346.495,346.67,346.67,347.373,347.725,348.779,349.306,349.306,349.657,350.712,351.766,352.469,352.996,353.699,353.874,354.577,355.807,356.686,357.213
Florida,https://raw.githubusercontent.com/CivilServiceUSA/us-states/master/images/flags/florida-large.png,0.235,0.282,0.329,0.424,0.471,0.612,0.612,0.847,0.847,1.083,1.365,1.647,2.542,2.636,2.965,4.001,4.095,7.72,8.002,9.179,10.403,11.109,13.321,14.545,16.663,18.358,20.617,21.7,23.489,26.878,28.055,31.444,34.127,35.209,36.433,38.693,40.811,42.035,46.459,49.237,49.66,50.602,51.214,55.121,57.333,59.687,61.852,64.205,64.911,65.853,69.242,72.443,75.314,78.562,80.727,81.01,81.669,83.74,85.999,88.259,90.236,92.448,92.872,94.002,96.591,98.662,100.921,103.086,105.11,105.299,106.005,106.334,109.159,111.277,113.583,115.184,115.372,115.796,119.091,120.785,122.715,125.21,126.528,127.093,127.658,130.152,131.847,134.059,135.424,137.684,137.966,138.296,140.885,142.062,144.086,146.11,147.993,148.793,149.358,152.417,154.441,156.607,158.442,159.572,160.937,162.255,164.985,167.104,170.257,173.411,174.258,175.623,177.836,180.801,183.061,188.709,193.087,197.559,199.677,201.324,207.538,212.81,220.153,226.178,230.415,234.51,238.746,245.054,251.597,259.74,266.095,271.932,275.556,279.181,287.936,298.103,310.012,322.11,330.535,333.454,336.89,348.423,359.014,364.662,373.135,381.702,385.327,389.61,402.602,412.581,419.547,430.28,439.882,444.919,449.014,459.323,467.513,473.021,478.622,483.612,486.012,489.401,498.016,505.217,511.572,515.761,522.728,523.387,526.588,535.39,541.368,548.382,553.089,555.96,557.749,558.785,560.856,570.035,580.202,588.487,593.1,593.476,595.077,601.902,609.057,615.976,622.519,625.438,625.861,626.85,631.51,641.018,649.35
Washington,https://raw.githubusercontent.com/CivilServiceUSA/us-states/master/images/flags/washington-large.png,6.38,7.31,7.31,9.835,11.032,12.494,12.892,14.487,15.418,17.677,19.937,20.867,24.987,26.316,27.247,29.905,31.101,36.019,38.677,41.867,44.658,50.639,53.164,56.62,60.607,64.196,65.791,67.253,68.183,70.442,73.367,76.955,80.145,81.474,84.531,85.461,88.252,91.176,94.499,95.961,97.955,99.55,101.544,104.468,106.461,108.189,109.518,110.316,110.847,111.778,114.569,115.632,118.423,120.284,122.41,123.74,125.6,127.86,129.455,130.651,131.714,132.777,133.043,133.176,137.031,137.828,138.758,139.556,139.556,141.018,142.214,143.277,145.537,146.999,147.663,148.594,148.594,149.258,150.056,150.853,151.252,152.714,153.246,153.777,154.309,156.303,156.303,158.695,160.024,161.22,161.752,162.151,163.613,162.948,165.473,166.802,168.132,168.796,169.594,170.657,171.853,172.783,173.315,174.113,174.113,175.442,177.037,177.967,178.366,179.695,179.961,180.625,181.954,183.948,185.277,187.271,189.264,189.264,191.125,185.942,186.606,188.866,189.663,190.593,191.923,192.321,193.119,194.714,195.112,196.973,198.701,198.568,199.498,201.758,205.745,206.676,207.872,207.872,211.593,212.125,212.657,215.182,215.846,219.701,222.226,224.353,224.353,225.549,228.074,229.137,230.732,233.258,234.72,236.713,237.245,240.302,242.163,244.156,245.884,246.815,247.612,248.144,249.34,249.871,251.201,253.194,253.194,253.194,254.523,256.65,257.182,258.511,259.574,259.574,259.574,259.574,259.574,262.897,263.827,264.624,264.624,264.624,266.618,267.814,268.479,269.941,270.738,270.738,270.738,272.333,275.124,276.586,276.454
Iowa,https://raw.githubusercontent.com/CivilServiceUSA/us-states/master/images/flags/iowa-large.png,0.0,0.0,0.0,0.0,0.0,0.0,0.0,0.0,0.0,0.318,0.318,0.953,0.953,1.27,1.906,2.223,2.858,3.494,3.494,4.446,5.717,7.94,7.94,8.575,9.21,9.846,10.798,13.022,13.022,15.562,16.833,19.056,20.326,23.502,23.82,25.09,26.361,28.584,30.49,33.983,35.571,37.477,40.335,43.194,47.005,51.451,53.992,55.58,58.438,59.709,65.743,69.554,73.366,77.177,80.035,84.164,86.07,91.786,97.185,100.997,106.713,109.889,111.477,112.748,116.559,124.817,130.216,134.662,141.649,144.825,144.825,151.495,157.529,160.705,166.422,168.645,169.916,176.268,178.173,182.302,185.161,188.337,190.242,192.148,195.959,198.817,200.405,203.264,204.534,206.44,207.075,208.981,211.204,214.38,215.968,216.285,216.285,217.873,217.873,218.826,219.144,221.049,223.59,223.59,224.225,225.813,227.401,227.719,228.354,228.989,228.989,228.989,229.625,232.483,233.753,235.341,235.977,237.565,238.835,239.788,240.423,246.775,248.045,249.316,250.586,251.857,253.445,255.985,258.526,260.432,262.337,262.337,263.29,265.513,266.466,271.23,274.724,276.947,277.582,278.852,280.758,282.028,285.84,289.651,290.604,294.415,295.685,296.638,300.449,302.672,304.896,308.072,309.66,309.66,313.471,318.235,320.776,322.681,326.81,328.08,329.351,332.527,336.338,340.149,346.501,351.9,349.36,353.488,355.712,357.3,359.84,360.793,367.78,369.686,370.639,371.592,376.356,382.39,383.343,386.201,386.836,387.472,388.742,391.918,396.364,397.0,401.446,401.764,401.764,407.798,410.656,412.244,413.832
New Mexico,https://raw.githubusercontent.com/CivilServiceUSA/us-states/master/images/flags/new-mexico-large.png,0.0,0.0,0.0,0.0,0.0,0.0,0.0,0.0,0.0,0.478,0.478,0.478,0.478,0.956,0.956,1.911,2.389,2.867,4.778,4.778,5.734,5.734,6.212,6.212,7.645,8.123,9.079,12.424,12.424,14.813,17.202,17.202,21.025,25.326,26.281,27.715,27.715,33.927,37.272,40.139,44.439,47.306,47.306,50.173,53.518,58.775,62.597,65.942,72.154,74.543,77.41,80.755,82.189,86.489,91.268,95.568,99.391,104.647,110.382,115.638,120.894,123.761,126.628,129.017,131.884,135.229,140.486,144.308,144.308,151.476,152.91,155.299,157.21,160.077,164.378,167.723,170.112,172.979,175.368,179.191,183.014,184.925,187.314,189.226,191.137,193.048,195.915,200.694,200.694,205.95,207.861,210.251,213.595,215.985,217.896,221.719,222.674,224.108,224.108,227.453,229.364,231.753,233.665,234.621,235.098,235.576,237.488,238.921,240.355,244.177,245.133,245.133,246.089,248.0,251.823,254.69,257.557,259.468,260.424,261.858,263.291,266.158,268.547,269.981,271.892,272.848,276.193,280.971,282.405,284.794,287.183,290.05,293.395,295.784,299.129,301.996,303.43,306.775,311.075,312.509,312.987,314.42,318.721,319.676,322.543,325.411,327.322,329.711,331.145,332.1,333.056,335.923,339.746,341.179,343.091,345.48,348.347,350.736,353.125,355.037,355.992,357.904,359.337,360.771,365.071,366.505,367.461,367.939,372.239,376.062,377.495,377.973,379.407,382.274,383.707,385.619,385.619,388.486,389.919,390.875,392.308,393.264,393.264,396.609,397.565,399.476,401.865,404.732,405.688,406.644,408.077,409.511,410.466
North Dakota,https://raw.githubusercontent.com/CivilServiceUSA/us-states/master/images/flags/north-dakota-large.png,0.0,0.0,0.0,0.0,0.0,0.0,0.0,0.0,0.0,0.0,0.0,1.319,1.319,1.319,2.638,3.957,3.957,3.957,3.957,3.957,3.957,3.957,5.276,5.276,6.596,7.915,9.234,9.234,10.553,10.553,11.872,11.872,11.872,11.872,11.872,11.872,17.149,18.468,19.787,19.787,21.106,22.425,25.063,25.063,25.063,25.063,30.34,31.659,32.978,32.978,32.978,40.893,40.893,43.531,46.169,46.169,47.488,50.127,52.765,52.765,55.403,55.403,56.722,58.041,59.36,64.637,67.275,68.594,68.594,69.913,71.233,71.233,73.871,75.19,77.828,79.147,80.466,80.466,85.743,87.062,87.062,93.658,94.977,94.977,94.977,94.977,96.296,97.615,97.615,97.615,97.615,97.615,97.615,97.615,98.934,100.253,100.253,101.572,101.572,102.892,102.892,102.892,102.892,102.892,104.211,104.211,104.211,105.53,105.53,105.53,105.53,105.53,105.53,110.806,112.125,112.125,112.125,114.764,114.764,114.764,116.083,116.083,117.402,118.721,118.721,121.359,122.678,123.997,126.636,127.955,130.593,130.593,130.593,130.593,131.912,134.55,135.87,135.87,135.87,138.508,138.508,141.146,142.465,143.784,145.103,147.742,147.742,149.061,155.656,158.295,158.295,159.614,159.614,164.89,166.209,168.848,171.486,171.486,174.124,178.081,179.401,180.72,182.039,182.039,183.358,183.358,185.996,187.315,188.634,191.273,195.23,197.868,197.868,204.464,205.783,205.783,205.783,207.102,211.06,216.336,220.293,221.612,224.251,226.889,233.485,240.08,242.718,253.271,253.271,254.591,258.548,267.782,278.335
Arkansas,https://raw.githubusercontent.com/CivilServiceUSA/us-states/master/images/flags/arkansas-large.png,0.0,0.0,0.0,0.0,0.0,0.0,0.0,0.0,0.665,0.665,0.665,0.997,1.661,1.994,2.326,2.658,3.323,3.987,3.987,4.652,5.316,5.316,5.981,5.981,6.977,6.977,8.306,8.971,9.635,10.632,10.964,12.293,12.293,12.626,12.958,13.622,13.955,13.955,14.951,15.616,15.948,16.945,16.945,18.939,18.939,20.268,21.264,23.922,25.251,26.58,27.577,28.906,28.906,29.238,29.238,30.235,31.232,31.564,32.229,32.561,32.561,32.561,32.561,33.226,33.89,35.551,36.548,37.545,38.209,38.542,38.874,39.538,39.871,41.532,43.858,44.19,44.19,44.19,45.187,47.18,50.171,50.503,51.167,51.167,51.5,53.493,54.822,56.816,58.477,58.809,59.474,60.47,62.464,65.454,69.109,71.103,74.425,74.757,75.422,78.745,79.741,79.741,82.732,86.054,87.715,88.048,89.709,92.035,92.699,93.364,95.025,95.357,97.019,100.009,101.338,102.667,103.996,105.989,106.654,107.318,109.977,111.306,113.299,117.286,118.615,118.615,120.609,124.264,126.257,128.251,130.909,132.57,133.234,135.56,142.205,144.199,146.857,150.512,152.173,154.166,157.821,162.805,168.786,171.112,173.105,177.757,180.747,184.402,188.057,190.05,193.373,195.034,199.353,199.021,200.35,205.666,209.653,212.976,220.285,223.94,228.259,231.25,236.234,243.211,245.537,251.185,256.501,260.488,264.808,270.456,279.427,286.072,290.059,293.049,297.036,301.688,304.678,308.333,312.32,316.639,321.955,325.943,329.597,382.094,384.419,387.41,389.736,392.394,392.394,397.71,401.697,408.342,413.99
Hawaii,https://raw.githubusercontent.com/CivilServiceUSA/us-states/master/images/flags/hawaii-large.png,0.0,0.0,0.0,0.0,0.0,0.0,0.0,0.0,0.704,0.0,0.0,0.0,0.0,0.0,0.0,0.0,0.704,0.704,2.112,2.112,2.816,3.52,3.52,3.52,4.224,4.224,5.631,6.335,6.335,6.335,6.335,6.335,6.335,6.335,7.039,7.039,7.039,8.447,8.447,9.151,9.151,9.855,11.263,11.263,11.263,11.263,11.263,11.263,11.967,11.967,11.967,11.967,11.967,11.967,11.967,11.967,11.967,11.967,11.967,11.967,11.967,11.967,11.967,11.967,11.967,11.967,11.967,11.967,11.967,11.967,11.967,11.967,11.967,11.967,11.967,11.967,11.967,11.967,11.967,11.967,11.967,11.967,11.967,11.967,11.967,11.967,11.967,11.967,11.967,11.967,11.967,11.967,11.967,11.967,11.967,11.967,11.967,11.967,11.967,11.967,11.967,11.967,11.967,12.671,12.671,12.671,12.671,12.671,12.671,13.375,13.375,13.375,13.375,13.375,13.375,13.375,13.375,13.375,13.375,15.486,15.486,15.486,15.486,16.19,16.894,16.894,16.894,16.894,17.598,18.302,18.302,18.302,18.302,18.302,18.302,18.302,18.302,18.302,18.302,18.302,18.302,19.006,19.006,20.414,21.822,21.822,21.822,23.934,23.934,26.749,28.157,28.157,28.157,28.157,28.157,28.861,29.565,31.677,32.381,33.085,33.085,34.493,34.493,35.901,38.716,41.532,43.644,44.348,49.275,52.091,52.795,55.611,57.018,59.13,59.834,60.538,61.946,64.058,66.17,67.577,68.281,69.689,69.689,70.393,72.505,75.321,84.472,84.472,84.472,84.472,84.472,85.88,87.287
Utah,https://raw.githubusercontent.com/CivilServiceUSA/us-states/master/images/flags/utah-large.png,0.0,0.0,0.0,0.0,0.0,0.0,0.317,0.317,0.317,0.317,0.317,0.317,0.317,0.634,1.268,1.586,1.586,2.22,2.22,2.537,2.537,4.122,4.122,4.122,4.122,5.391,5.708,5.708,4.122,5.708,6.342,6.342,7.293,7.928,8.562,8.879,10.147,10.147,11.099,12.367,13.001,13.001,13.001,13.001,14.27,14.587,14.587,15.538,15.855,15.855,17.758,18.392,19.343,19.343,20.929,21.246,21.563,23.149,23.783,23.783,24.417,24.734,25.368,25.368,27.905,28.539,29.173,29.491,30.759,30.759,31.076,32.027,33.296,33.613,33.93,35.516,35.833,35.833,35.833,37.101,37.101,38.052,38.369,38.369,39.321,40.272,40.589,41.54,44.077,44.077,44.077,45.346,45.98,47.248,48.2,49.151,49.151,50.102,50.102,51.688,51.688,52.005,52.639,52.956,52.956,53.273,54.542,54.859,55.81,57.396,57.396,58.347,60.25,61.518,63.738,65.006,65.64,67.226,68.177,68.494,71.665,73.885,74.202,74.519,77.056,77.056,78.324,79.593,82.447,84.666,86.569,86.886,86.886,89.106,90.691,92.594,95.131,96.399,98.302,98.619,99.57,101.79,103.693,104.644,106.229,106.229,106.547,109.401,110.669,111.303,111.937,114.157,115.108,115.108,115.425,117.011,119.548,120.816,121.45,122.085,122.085,123.67,125.89,127.158,127.792,129.061,129.061,129.061,129.061,129.695,130.012,131.281,132.866,133.183,133.817,134.135,134.452,135.403,136.354,136.671,137.306,137.306,138.257,138.257,138.574,138.574,138.574,139.525,139.525,139.842,140.477,140.794,140.794
Michigan,https://raw.githubusercontent.com/CivilServiceUSA/us-states/master/images/flags/michigan-large.png,0.0,0.0,0.0,0.3,0.3,0.501,0.901,1.502,2.404,4.307,6.11,9.215,11.118,13.221,18.429,25.941,33.553,41.767,47.976,54.086,61.798,72.816,84.635,96.053,107.772,127.804,138.621,148.136,160.456,177.082,192.406,199.918,223.055,231.168,239.481,247.194,257.911,281.749,298.175,308.992,316.003,332.029,341.244,357.369,367.585,379.504,387.217,402.741,405.947,414.56,418.967,426.279,435.193,440.602,453.723,456.227,459.131,468.146,472.152,479.464,483.27,488.879,489.88,492.284,502.5,506.807,513.718,516.623,523.133,523.634,524.936,527.44,534.251,538.057,541.462,547.272,549.976,552.48,556.186,557.889,560.393,586.334,590.34,590.741,592.544,595.248,596.45,599.455,599.956,602.259,602.56,602.76,604.363,604.563,607.067,607.668,609.671,609.972,610.673,611.875,612.375,614.278,614.379,616.282,616.682,617.083,620.288,620.789,622.191,622.492,622.792,622.792,623.092,626.097,627.199,628.1,629.503,632.307,632.407,633.108,633.609,634.01,635.813,636.514,637.415,637.616,638.317,639.218,639.819,640.52,641.021,641.021,641.021,641.522,643.124,643.225,645.328,646.029,646.73,646.73,647.732,648.132,648.833,651.638,653.441,653.04,652.94,653.641,654.342,654.943,656.546,657.648,659.651,660.252,660.252,661.854,662.856,664.458,664.458,666.562,666.962,667.363,669.466,670.067,671.67,672.271,672.271,675.877,676.377,677.78,679.182,680.183,680.885,681.686,681.686,682.086,682.187,689.699,690.5,691.101,692.203,692.203,693.204,694.306,695.408,696.61,696.509,698.012,698.012,699.214,700.816,702.419,703.02
Wisconsin,https://raw.githubusercontent.com/CivilServiceUSA/us-states/master/images/flags/wisconsin-large.png,0.0,0.0,0.0,0.0,0.517,0.689,0.689,0.861,0.861,1.205,1.722,2.411,2.927,3.099,3.444,4.305,4.649,6.543,8.782,9.298,12.742,13.431,15.842,17.219,19.114,22.041,23.591,24.796,26.518,29.273,31.511,33.922,35.472,36.505,37.883,39.605,42.015,42.704,44.426,45.287,45.804,46.837,48.386,51.658,53.036,54.413,56.307,57.513,58.374,58.546,60.784,62.334,64.401,66.122,68.533,68.878,70.427,71.977,72.494,74.732,76.626,78.004,78.004,79.037,80.415,82.825,83.858,85.408,87.302,87.819,88.508,89.024,92.813,94.707,97.806,101.25,101.939,102.455,104.522,106.071,107.793,108.999,111.065,111.409,111.237,113.82,115.542,117.436,118.642,118.986,119.158,119.503,121.052,122.774,123.807,125.702,128.112,128.112,128.284,129.145,130.351,131.901,131.901,133.795,133.795,133.795,135.0,135.344,136.55,137.066,137.066,137.066,137.066,138.616,138.96,139.305,140.166,141.371,141.199,141.199,142.232,142.404,143.093,143.438,145.159,145.332,145.676,147.915,148.948,151.186,151.186,153.425,153.597,153.769,156.008,156.869,158.246,160.829,163.068,163.24,163.412,165.478,167.028,168.406,170.472,171.505,171.85,171.85,173.227,174.088,175.293,176.499,178.737,178.909,178.909,178.909,182.526,183.731,183.903,186.142,186.142,186.142,188.38,189.413,191.307,191.652,192.685,193.202,193.202,194.579,196.645,197.334,198.54,201.122,201.122,201.122,201.122,203.705,205.427,206.116,208.182,208.355,208.355,210.077,211.454,211.971,213.176,213.693,213.865,214.209,215.415,216.792,217.825
Georgia,https://raw.githubusercontent.com/CivilServiceUSA/us-states/master/images/flags/georgia-large.png,0.095,0.095,0.285,0.951,1.237,1.332,2.378,2.378,3.044,3.805,4.567,6.089,6.564,7.611,8.277,10.56,13.224,15.507,17.505,19.123,20.074,21.786,31.3,34.44,36.057,39.577,40.814,41.194,44.239,49.947,52.516,55.846,61.839,64.027,65.359,73.731,75.92,80.676,83.816,85.528,86.289,87.146,94.662,98.562,104.746,107.695,111.215,111.977,112.642,118.541,123.583,126.247,128.911,133.192,133.478,133.763,137.378,142.516,144.323,146.987,151.078,152.029,153.171,156.881,159.355,161.448,168.869,172.008,173.34,173.816,175.814,180.38,183.9,187.706,189.038,190.655,195.317,199.217,199.978,201.976,204.45,206.828,207.209,207.399,210.063,217.389,221.575,225.951,230.042,232.801,233.181,237.272,240.602,244.978,247.833,250.782,251.353,251.448,251.923,256.395,256.68,261.152,263.53,264.101,264.291,264.862,266.86,268.953,271.046,271.807,271.807,272.093,273.805,275.803,277.991,278.752,282.082,285.031,285.697,287.885,290.549,294.069,295.401,297.97,301.49,301.966,302.251,309.577,317.283,319.756,327.558,332.41,332.79,333.837,338.974,346.49,349.249,356.955,363.9,365.327,365.517,373.033,379.027,383.023,391.68,398.244,399.481,402.335,413.942,423.932,431.733,435.063,444.196,447.335,449.714,456.088,461.32,466.553,475.496,484.439,488.244,490.528,500.612,505.274,513.075,520.496,530.485,533.149,535.908,545.422,551.32,558.265,564.259,568.635,574.344,575.009,577.483,583.001,590.231,594.227,598.128,602.504,604.407,608.593,610.686,615.918,621.817,627.811,628.096,628.286,634.851,643.984,648.455
Kansas,https://raw.githubusercontent.com/CivilServiceUSA/us-states/master/images/flags/kansas-large.png,0.343,0.343,0.343,0.343,0.343,0.687,0.687,0.687,0.687,1.03,1.03,1.374,1.374,2.404,2.748,3.091,3.435,4.122,6.183,7.213,7.557,8.587,9.961,11.678,14.426,14.426,18.892,19.235,21.296,23.7,24.387,27.479,28.166,29.196,31.944,35.035,37.44,38.47,38.813,40.531,41.218,41.561,43.279,43.622,46.027,46.027,48.088,48.774,49.461,53.583,55.301,56.331,56.675,57.705,59.766,59.766,61.827,63.201,64.575,64.918,66.292,66.979,66.979,68.009,68.353,69.383,70.07,70.414,70.414,70.414,71.101,72.131,73.162,73.505,73.849,73.849,73.849,74.536,76.253,77.627,77.97,79.688,80.031,80.031,81.062,81.405,82.436,83.466,83.466,84.153,84.153,84.497,84.497,84.84,86.214,86.901,87.931,88.275,88.618,89.305,89.305,89.992,91.023,92.053,92.397,93.771,93.771,95.145,96.175,96.862,97.205,97.549,97.892,99.266,99.266,100.64,100.64,101.327,102.014,102.358,102.701,104.419,104.762,105.106,105.793,106.136,107.166,108.54,110.258,110.601,113.349,113.006,113.693,114.38,116.784,119.875,122.623,122.967,122.967,123.997,126.058,126.401,127.775,129.836,130.18,130.523,130.523,132.584,134.989,136.362,138.423,138.767,139.454,139.454,139.454,141.171,142.545,143.919,146.323,146.323,146.323,147.354,147.697,151.819,152.506,152.85,154.224,154.224,154.91,156.628,158.345,161.78,164.184,164.871,165.215,165.902,166.245,171.398,172.772,177.237,180.672,181.359,186.167,191.32,198.533,199.907,204.028,204.028,204.372,206.433,210.898,212.959,213.302
Oklahoma,https://raw.githubusercontent.com/CivilServiceUSA/us-states/master/images/flags/oklahoma-large.png,0.0,0.0,0.0,0.254,0.254,0.254,0.508,0.508,0.761,1.269,1.777,2.03,3.807,4.061,4.061,5.837,7.614,8.629,9.644,10.659,11.674,12.943,17.004,20.05,20.303,22.334,23.856,24.364,25.125,27.41,31.216,33.247,34.516,34.516,35.531,36.292,41.622,43.145,45.429,47.713,49.236,49.489,49.997,52.535,54.311,56.342,58.372,60.402,60.402,60.402,62.687,64.209,65.986,67.509,68.524,69.031,69.539,70.554,70.554,72.077,72.331,73.092,73.092,73.092,74.361,75.884,77.153,77.914,78.929,78.929,79.437,80.706,81.721,82.482,83.498,84.767,84.767,84.767,86.035,86.543,87.304,87.558,88.066,88.32,88.32,89.842,90.35,90.858,91.365,91.111,91.111,91.111,92.126,92.38,92.888,93.142,93.395,93.649,93.649,94.157,94.411,95.172,95.68,97.456,97.71,97.71,98.217,98.725,100.248,101.009,101.009,101.009,101.263,102.532,103.293,104.055,105.577,106.846,107.1,107.608,108.623,109.638,111.161,112.937,114.46,114.46,114.714,116.998,120.297,121.059,122.835,125.881,125.881,125.881,129.18,132.733,136.032,137.301,139.332,139.586,139.839,143.646,147.961,150.499,152.275,153.037,153.037,153.544,156.843,159.128,161.919,163.442,166.741,167.756,168.772,172.325,177.401,179.939,181.461,183.999,184.253,185.268,188.821,193.643,197.45,199.48,202.272,202.78,203.034,205.064,208.363,211.916,214.708,215.723,216.485,216.485,216.738,219.022,222.322,225.367,228.159,229.682,229.682,231.458,234.504,236.027,238.311,239.326,240.087,240.595,244.148,246.178,248.97
Missouri,https://raw.githubusercontent.com/CivilServiceUSA/us-states/master/images/flags/missouri-large.png,0.0,0.0,0.0,0.163,0.327,0.49,0.49,0.653,1.143,1.307,1.47,1.47,1.634,2.124,2.124,2.45,2.94,3.594,4.084,5.391,7.188,7.678,10.618,14.049,15.192,16.172,18.949,19.276,20.093,24.34,24.993,27.607,30.057,32.181,32.508,32.671,36.592,38.879,41.166,44.433,45.903,46.23,56.031,53.907,55.214,57.174,58.808,61.422,62.238,63.055,66.812,69.916,73.347,78.901,80.698,82.168,83.965,86.415,90.009,92.459,94.909,97.033,98.013,99.81,103.077,104.547,109.121,110.592,111.408,112.062,112.552,113.205,112.552,115.656,119.249,126.437,126.764,126.764,128.397,129.214,129.868,131.501,133.135,133.135,134.441,138.035,139.015,140.812,143.916,144.57,144.57,144.896,145.55,148.49,154.371,156.494,157.638,157.638,158.455,159.435,160.905,161.232,162.865,164.009,164.009,164.009,164.172,166.296,170.543,171.033,171.523,171.686,171.686,174.3,174.627,175.28,177.077,178.221,178.384,180.508,181.978,182.795,183.121,183.775,185.572,185.572,185.898,187.532,189.329,194.23,195.21,196.026,197.497,199.457,201.254,202.397,205.011,206.645,208.441,208.441,208.932,210.728,211.872,212.689,216.283,216.773,217.916,219.06,219.876,221.183,221.51,222.98,225.104,225.92,231.148,232.781,234.252,235.558,236.049,237.029,237.355,237.355,240.132,241.929,243.073,245.033,249.607,250.424,252.711,255.161,257.775,259.082,262.512,272.477,275.254,275.581,276.071,278.031,279.828,280.971,282.278,282.768,283.912,286.852,288.322,291.099,295.673,298.124,298.287,300.247,304.984,316.583,318.706
South Dakota,https://raw.githubusercontent.com/CivilServiceUSA/us-states/master/images/flags/south-dakota-large.png,1.138,1.138,1.138,1.138,1.138,1.138,1.138,1.138,1.138,1.138,1.138,1.138,1.138,1.138,1.138,1.138,2.276,2.276,2.276,2.276,2.276,4.552,6.828,6.828,6.828,6.828,6.828,6.828,6.828,6.828,6.828,7.966,7.966,7.966,7.966,7.966,9.104,10.242,10.242,11.38,11.38,12.519,12.519,12.519,14.795,19.347,23.899,23.899,23.899,23.899,27.313,33.003,35.279,35.279,38.694,38.694,38.694,44.384,44.384,48.936,50.074,50.074,50.074,50.074,52.35,52.35,54.626,56.902,56.902,56.902,56.902,56.902,61.455,61.455,67.145,70.559,70.559,70.559,70.559,70.559,72.835,72.835,73.973,73.973,73.973,77.387,78.525,83.077,84.216,85.354,85.354,85.354,87.63,88.768,88.768,92.182,92.182,92.182,92.182,94.458,95.596,99.01,100.148,103.562,103.562,103.562,103.562,105.838,110.391,110.391,110.391,110.391,110.391,111.529,111.529,114.943,121.771,124.047,124.047,124.047,124.047,126.323,130.875,132.014,132.014,134.29,134.29,134.29,135.428,137.704,138.842,138.842,139.98,139.98,139.98,146.808,146.808,147.946,152.498,153.636,153.636,154.774,155.912,160.465,163.879,166.155,166.155,166.155,166.155,167.293,168.431,170.707,172.983,174.121,174.121,175.259,176.397,178.673,180.95,182.088,183.226,183.226,183.226,184.364,184.364,187.778,190.054,190.054,190.054,190.054,192.33,192.33,193.468,196.882,196.882,196.882,196.882,196.882,201.434,201.434,208.263,209.401,209.401,209.401,218.505,219.643,221.919,227.609,229.886,229.886,229.886,229.886,238.99
Rhode Island,https://raw.githubusercontent.com/CivilServiceUSA/us-states/master/images/flags/rhode-island-large.png,0.0,0.0,0.0,0.0,0.0,0.0,0.0,0.0,0.0,0.0,0.0,0.0,1.89,2.835,3.78,7.559,9.449,11.339,13.229,16.064,23.623,25.513,28.348,33.072,40.632,40.632,52.916,59.53,59.53,75.594,75.594,82.208,111.501,129.454,141.738,146.463,161.582,171.031,178.59,190.874,203.159,213.553,220.167,225.837,237.176,251.35,263.634,279.697,302.375,322.219,335.448,349.622,366.63,377.024,394.978,398.758,406.317,419.546,436.555,442.224,452.618,462.067,471.517,478.131,502.699,508.369,525.377,547.111,564.119,574.513,574.513,599.081,618.925,639.713,654.832,671.84,678.455,680.345,691.684,701.133,714.362,729.481,729.481,729.481,754.994,763.498,767.278,777.672,787.121,787.121,787.121,804.13,817.359,827.753,836.257,844.761,844.761,844.761,853.266,856.1,861.77,869.329,875.944,875.944,875.944,893.897,897.677,903.347,906.181,907.126,907.126,907.126,907.126,915.631,917.52,920.355,922.245,922.245,922.245,929.804,930.749,932.639,933.584,935.474,935.474,935.474,940.199,941.144,942.088,945.868,946.813,946.813,946.813,948.703,949.648,951.538,951.538,951.538,951.538,951.538,954.372,955.317,956.262,958.152,958.152,958.152,958.152,959.097,960.042,961.932,962.877,964.767,964.767,964.767,966.656,967.601,970.436,971.381,973.271,973.271,973.271,977.996,981.775,983.665,986.5,988.39,988.39,988.39,990.28,992.169,993.114,996.894,996.894,996.894,996.894,996.894,1000.674,1003.509,1008.233,1012.013,1012.013,1012.013,1015.793,1018.627,1021.462,1025.242,1028.077,1028.077,1028.077,1036.581,1038.471,1041.305,1045.085
Idaho,https://raw.githubusercontent.com/CivilServiceUSA/us-states/master/images/flags/idaho-large.png,0.0,0.0,0.0,0.0,0.0,0.0,0.0,0.0,0.0,0.0,1.714,1.714,2.285,2.856,3.428,4.57,5.141,5.141,5.141,5.713,5.713,5.713,7.426,8.569,10.283,13.71,14.281,15.424,15.424,18.851,22.279,23.421,23.421,24.564,25.135,25.706,27.42,29.134,30.848,30.848,31.99,31.99,31.99,34.275,34.275,34.275,35.989,36.56,36.56,36.56,37.131,37.703,38.274,38.274,38.274,38.274,39.988,39.416,39.416,41.13,41.13,41.702,41.702,42.273,42.273,43.987,43.987,45.129,45.129,45.129,45.129,45.129,46.272,46.843,46.843,46.843,46.843,46.843,47.414,47.414,47.414,47.414,47.414,47.414,47.414,48.557,48.557,48.557,49.699,49.699,49.699,49.699,50.27,50.27,50.842,50.842,50.842,50.842,50.842,50.842,50.842,51.413,51.413,51.984,51.984,51.984,52.555,52.555,52.555,53.127,53.127,53.127,53.698,53.698,55.983,57.125,57.697,58.268,58.268,58.268,58.839,62.838,65.123,67.408,67.979,67.979,69.693,71.978,77.119,78.833,82.261,82.261,83.403,86.831,91.401,98.827,101.112,107.396,112.537,112.537,114.251,119.963,123.962,127.39,130.817,134.245,135.387,136.53,140.528,140.528,143.385,151.382,153.667,153.667,155.952,161.094,165.092,169.091,174.232,174.804,175.375,179.374,186.229,192.512,195.94,201.653,204.509,205.08,206.223,209.65,212.506,212.506,218.219,219.361,219.933,219.933,222.218,239.927,232.5,235.356,237.07,237.07,239.355,241.64,245.068,247.924,250.209,251.923,253.065,255.35,257.635,259.349,261.063
Maine,https://raw.githubusercontent.com/CivilServiceUSA/us-states/master/images/flags/maine-large.png,0.0,0.0,0.0,0.0,0.0,0.0,0.0,0.0,0.0,0.0,0.0,0.747,0.747,2.24,2.24,3.734,3.734,5.228,6.721,7.468,7.468,7.468,8.962,10.455,11.949,12.696,14.189,14.189,14.189,14.936,17.923,20.163,21.657,23.897,25.391,26.138,26.885,29.125,32.859,35.099,35.099,37.34,38.087,38.087,38.833,39.58,41.074,41.82,42.567,42.567,45.554,46.301,46.301,47.048,47.795,47.795,48.542,48.542,49.288,51.529,51.529,52.276,52.276,53.022,54.516,54.516,54.516,56.01,57.503,58.25,58.25,58.997,60.49,62.731,63.478,66.465,66.465,66.465,70.199,70.945,70.945,73.186,73.186,73.933,73.933,74.679,74.679,74.679,74.679,74.679,74.679,75.426,75.426,76.173,76.173,76.173,76.173,76.173,76.173,76.173,76.92,76.92,76.92,77.667,77.667,78.413,78.413,78.413,78.413,78.413,79.907,81.401,81.401,82.147,82.147,82.894,82.894,83.641,85.135,85.135,85.135,85.135,85.135,85.881,87.375,87.375,87.375,88.122,88.122,88.122,88.122,88.869,88.869,88.869,90.362,90.362,91.109,91.856,91.856,91.856,92.602,91.856,92.602,92.602,92.602,93.349,93.349,93.349,94.096,94.096,94.096,94.096,94.843,94.843,94.843,94.843,94.843,95.59,96.336,97.083,97.83,97.83,97.83,98.577,98.577,98.577,98.577,98.577,98.577,98.577,99.324,99.324,100.07,100.07,100.07,100.07,100.07,100.07,100.07,100.07,100.817,101.564,101.564,102.311,103.058,103.058,103.058,103.804,103.804,104.551,104.551,104.551,104.551
Alaska,https://raw.githubusercontent.com/CivilServiceUSA/us-states/master/images/flags/alaska-large.png,0.0,0.0,0.0,0.0,0.0,0.0,0.0,0.0,0.0,1.36,1.36,1.36,2.721,2.721,4.081,4.081,4.081,4.081,4.081,6.801,8.162,8.162,8.162,9.522,9.522,9.522,10.882,10.882,10.882,12.243,12.243,12.243,12.243,12.243,12.243,12.243,12.243,12.243,12.243,12.243,12.243,12.243,12.243,12.243,12.243,12.243,12.243,12.243,12.243,12.243,12.243,13.603,13.603,13.603,13.603,13.603,13.603,13.603,13.603,13.603,13.603,13.603,13.603,13.603,13.603,13.603,13.603,13.603,13.603,13.603,13.603,13.603,13.603,13.603,13.603,13.603,13.603,13.603,13.603,13.603,13.603,13.603,13.603,13.603,13.603,14.963,14.963,14.963,16.323,16.323,16.323,16.323,16.323,16.323,16.323,16.323,16.323,16.323,16.323,16.323,16.323,16.323,19.044,19.044,19.044,19.044,19.044,19.044,19.044,20.404,21.765,21.765,21.765,23.125,23.125,23.125,23.125,23.125,23.125,23.125,23.125,23.125,23.125,23.125,24.485,24.485,24.485,24.485,25.845,25.845,25.845,27.206,27.206,28.566,29.926,29.926,31.287,31.287,32.647,32.647,34.007,34.007,34.007,34.007,34.007,35.367,35.367,35.367,35.367,36.728,36.728,36.728,38.088,38.088,38.088,39.448,39.448,39.448,40.809,42.169,43.529,43.529,48.97,50.331,50.331,50.331,50.331,50.331,50.331,53.051,53.051,54.411,54.411,57.132,57.132,57.132,57.132,57.132,57.132,58.492,59.853,59.853,59.853,59.853,59.853,59.853,61.213,61.213,61.213,61.213,61.213,61.213,62.573
Louisiana,https://raw.githubusercontent.com/CivilServiceUSA/us-states/master/images/flags/louisiana-large.png,0.644,0.858,0.858,2.146,3.004,3.434,4.292,7.511,9.872,13.949,17.812,25.538,29.401,32.406,39.702,51.291,58.588,66.528,79.404,87.774,102.367,109.879,124.901,139.923,150.654,162.028,172.973,180.27,189.712,217.396,236.711,248.085,260.318,271.907,278.13,284.997,301.522,316.115,343.156,356.247,366.333,371.055,373.415,386.506,395.949,408.825,422.775,427.711,431.788,442.948,453.893,465.052,473.851,477.929,486.513,490.591,495.312,503.682,510.978,518.704,525.357,532.01,534.585,550.037,553.9,559.694,564.201,572.57,572.57,577.506,577.506,579.867,584.374,588.237,593.816,597.894,598.967,601.113,608.41,615.921,618.711,624.934,627.724,630.085,631.802,634.592,636.952,641.03,642.961,644.678,646.824,647.683,652.833,657.125,657.125,661.847,666.139,666.353,668.929,672.577,676.44,679.015,684.595,684.595,686.526,686.526,691.248,694.896,698.544,703.48,703.48,705.626,707.343,712.279,716.571,720.005,725.37,730.306,733.096,734.598,739.32,742.753,747.904,753.054,753.054,760.351,742.968,750.694,763.57,767.004,797.263,797.263,807.564,812.5,818.08,833.317,842.331,847.481,847.481,859.928,863.577,869.371,879.028,889.759,902.85,902.85,914.868,920.018,925.598,934.826,944.698,950.707,950.707,967.232,971.309,977.318,989.122,995.131,1005.861,1005.861,1018.523,1022.386,1029.468,1041.056,1045.992,1052.431,1052.431,1058.225,1062.302,1069.599,1073.891,1077.539,1080.544,1080.544,1092.991,1095.566,1098.356,1103.078,1107.584,1116.383,1116.383,1123.465,1127.114,1132.693,1136.556,1140.205,1146.428,1146.428,1152.008,1153.939,1156.3,1160.378,1163.811
North Carolina,https://raw.githubusercontent.com/CivilServiceUSA/us-states/master/images/flags/north-carolina-large.png,0.0,0.0,0.0,0.0,0.0,0.0,0.0,0.0,0.0,0.193,0.289,0.385,0.482,0.674,0.674,1.156,1.349,2.023,2.601,3.275,3.66,4.335,5.105,6.357,7.321,7.995,8.573,8.573,9.054,10.788,12.522,14.449,17.049,18.013,19.265,20.999,23.599,25.526,27.067,28.319,29.379,31.209,32.75,34.966,36.796,39.108,40.36,41.516,41.805,42.575,45.465,47.391,49.414,51.052,53.075,54.327,55.386,57.794,60.203,61.744,64.248,65.115,66.078,66.753,66.753,69.931,70.124,74.651,74.94,75.518,76.096,77.156,81.298,84.38,88.522,89.485,90.256,91.315,92.567,96.228,96.902,97.769,99.021,99.406,100.273,102.874,104.993,106.534,107.979,108.557,109.039,109.81,112.603,113.759,115.011,115.878,117.034,117.804,123.102,124.836,127.629,128.689,129.845,130.327,130.23,130.712,132.927,134.661,135.721,136.684,136.973,137.069,137.936,139.285,140.826,142.271,144.197,145.738,146.605,147.28,151.325,153.059,154.793,156.334,158.742,159.127,161.536,164.233,166.833,169.145,172.324,174.443,175.021,177.044,179.163,181.86,185.135,187.061,190.625,191.011,196.79,198.524,200.836,204.785,208.06,210.372,211.142,211.817,215.573,219.619,220.293,222.798,225.687,226.073,226.169,230.793,234.164,237.439,240.232,242.833,243.796,244.182,247.553,251.021,253.332,255.452,258.438,259.305,260.268,264.024,267.685,269.997,273.464,278.28,278.377,279.051,280.207,284.927,288.009,291.188,293.5,293.981,294.752,299.664,303.325,306.311,308.911,311.609,312.379,312.764,316.521,319.411,323.264
Nevada,https://raw.githubusercontent.com/CivilServiceUSA/us-states/master/images/flags/nevada-large.png,0.33,0.33,0.33,0.33,0.33,0.661,0.661,1.321,1.321,1.982,3.303,3.303,3.303,4.955,4.955,8.588,10.24,12.552,14.204,15.195,15.195,15.195,23.783,23.783,26.756,29.729,33.693,36.996,37.657,41.621,43.272,45.254,46.906,49.879,52.191,52.521,53.843,56.816,64.413,65.074,67.716,68.047,68.047,72.341,75.974,80.268,81.259,84.232,85.223,87.536,89.187,95.463,98.106,97.115,103.391,102.4,103.061,106.034,109.337,109.998,113.301,114.622,115.613,118.256,118.256,124.532,126.514,127.505,127.835,125.523,130.147,130.147,132.79,134.111,134.111,137.745,137.745,137.745,137.745,142.369,142.039,144.021,144.351,144.681,146.003,147.324,148.315,151.618,152.279,152.609,152.939,153.6,154.261,156.243,156.903,158.225,160.537,160.867,161.528,161.528,161.528,163.51,164.501,165.161,165.161,166.483,167.474,168.795,173.42,174.41,175.071,176.392,177.383,181.017,182.669,188.614,191.257,195.551,195.881,195.881,202.158,204.14,206.782,210.416,213.389,213.719,214.049,223.298,232.547,234.199,238.493,241.796,242.457,244.109,250.715,257.652,264.589,274.168,274.829,274.829,279.783,284.738,293.987,297.291,303.897,313.476,316.119,318.101,324.047,329.002,340.233,345.187,353.115,354.106,355.758,364.016,374.586,387.138,391.433,395.396,395.396,396.387,406.297,412.904,419.84,425.126,430.08,430.08,431.071,433.714,441.311,450.23,454.194,458.488,458.818,460.14,460.14,466.416,472.031,475.335,478.638,479.629,480.95,489.539,493.502,497.466,503.412,504.733,505.724,505.724,510.679,513.982,516.625
West Virginia,https://raw.githubusercontent.com/CivilServiceUSA/us-states/master/images/flags/west-virginia-large.png,0.0,0.0,0.0,0.0,0.0,0.0,0.0,0.0,0.0,0.0,0.0,0.0,0.0,0.0,0.554,0.554,0.554,1.108,1.108,1.108,1.663,2.217,2.217,2.217,2.771,2.771,2.771,3.325,4.434,4.988,5.542,6.651,8.868,8.868,9.976,13.302,14.41,14.964,17.181,17.735,17.735,18.844,18.844,21.061,21.061,22.724,25.495,26.603,26.603,26.603,26.603,27.712,28.266,28.82,28.82,29.929,29.929,32.146,32.146,33.254,35.471,35.471,37.134,37.688,37.688,38.242,38.796,39.905,39.905,39.905,39.905,39.905,41.013,41.013,41.013,41.568,41.568,42.122,43.23,43.23,43.785,46.556,46.556,46.556,46.556,46.556,47.11,47.664,48.773,48.773,48.773,48.773,48.773,48.773,48.773,48.773,48.773,49.327,49.327,50.99,50.99,50.99,50.99,51.544,51.544,51.544,51.544,51.544,51.544,51.544,52.098,52.098,52.652,52.652,52.652,52.652,52.652,53.206,53.206,53.761,53.761,54.315,54.869,55.423,55.423,55.423,55.423,55.978,55.978,56.532,57.086,57.086,57.086,57.64,59.857,61.52,62.074,64.291,64.291,64.845,64.845,68.725,68.725,68.725,70.388,72.605,77.039,78.147,81.472,84.798,84.798,87.015,88.677,88.677,88.677,89.786,92.003,92.557,94.774,98.099,99.208,99.208,103.642,105.305,109.738,111.401,119.16,118.606,119.16,124.148,129.137,133.016,135.787,136.342,138.004,137.45,139.667,141.33,142.992,146.318,147.426,147.981,154.077,156.848,162.391,164.608,166.27,172.367,174.03,174.584,177.355,178.463,181.789
Nebraska,https://raw.githubusercontent.com/CivilServiceUSA/us-states/master/images/flags/nebraska-large.png,0.0,0.0,0.0,0.0,0.0,0.0,0.0,0.0,0.0,0.0,0.0,0.0,1.039,1.039,1.039,1.558,2.077,2.597,3.116,3.116,4.155,4.674,5.193,6.232,7.27,7.79,8.828,8.828,8.828,10.386,10.386,10.906,12.464,12.464,14.541,17.137,17.137,19.734,24.408,25.966,25.966,29.082,29.082,29.082,29.082,36.352,37.91,37.91,40.507,40.507,40.507,40.507,47.258,46.738,46.738,46.738,50.893,51.931,53.489,53.489,58.683,63.876,63.876,63.876,63.876,71.665,71.665,76.339,76.339,76.339,76.339,76.339,79.455,84.648,85.168,88.284,88.284,88.284,88.284,88.284,97.112,97.112,97.112,97.112,97.631,98.151,99.189,110.095,111.653,111.653,111.653,114.249,119.962,121.52,124.116,126.713,126.713,126.713,129.309,132.945,133.464,135.022,138.138,138.657,138.657,139.696,142.292,143.331,146.447,147.485,147.485,147.485,146.966,146.447,146.447,147.485,148.524,148.005,148.005,149.563,148.524,151.121,155.275,156.314,156.314,156.314,162.546,160.988,161.507,164.104,164.104,164.104,164.104,164.623,166.7,168.258,170.335,172.413,172.413,172.413,170.335,172.413,176.567,176.567,179.164,179.164,179.164,180.722,182.28,184.876,186.953,187.473,187.473,187.473,187.992,191.627,192.666,193.704,195.262,195.262,196.301,198.898,198.898,200.456,203.052,203.571,203.571,203.571,206.168,207.207,207.207,209.803,209.803,209.803,209.803,209.803,211.361,218.632,223.305,226.941,226.941,225.383,225.902,226.421,227.979,229.537,229.537,229.537,229.537,234.73,239.404,239.923,239.923
New York,https://raw.githubusercontent.com/CivilServiceUSA/us-states/master/images/flags/new-york-large.png,0.512,0.666,0.819,1.741,2.15,3.072,5.991,8.09,10.752,14.593,19.713,26.984,37.275,49.41,62.364,79.364,99.384,121.503,150.279,182.536,212.951,240.549,281.05,320.936,361.847,402.809,441.723,480.534,514.993,555.136,594.818,759.433,877.148,904.797,936.901,952.927,978.17,993.991,1073.867,1096.294,1126.913,1140.225,1160.655,1173.148,1202.078,1207.71,1230.853,1238.995,1265.108,1280.008,1286.408,1311.958,1338.634,1343.703,1362.597,1364.082,1381.849,1397.005,1406.887,1415.284,1427.419,1436.175,1445.545,1451.024,1462.237,1466.231,1471.709,1477.342,1486.456,1492.088,1496.594,1500.331,1509.65,1511.954,1517.945,1521.222,1525.011,1531.821,1534.432,1537.044,1544.98,1548.154,1550.407,1555.22,1557.422,1559.521,1563.822,1565.768,1574.882,1576.777,1578.313,1579.9,1582.614,1584.15,1585.942,1588.041,1591.523,1593.673,1596.285,1599.152,1600.432,1602.685,1604.784,1606.116,1607.6,1607.908,1640.114,1640.677,1641.752,1645.49,1646.514,1649.023,1649.689,1650.918,1651.327,1652.966,1655.423,1656.038,1656.396,1658.7,1659.366,1660.339,1661.312,1662.182,1662.95,1663.821,1664.384,1665.101,1667.046,1668.89,1668.992,1669.606,1670.733,1671.501,1671.911,1672.167,1673.447,1673.754,1674.01,1674.829,1675.29,1675.597,1677.082,1677.184,1677.389,1677.799,1678.106,1678.464,1678.772,1679.284,1679.693,1680.82,1681.127,1681.485,1681.793,1682.356,1682.765,1682.561,1682.714,1683.073,1683.687,1683.892,1685.479,1685.633,1685.889,1686.298,1686.503,1687.169,1687.476,1687.937,1688.244,1688.449,1688.756,1689.012,1689.012,1689.78,1690.497,1690.651,1690.651,1690.651,1690.855,1690.855,1691.214,1691.623,1691.828,1693.262,1694.03,1693.825,1694.132,1694.388,1694.286,1694.286,1694.542
South Carolina,https://raw.githubusercontent.com/CivilServiceUSA/us-states/master/images/flags/south-carolina-large.png,0.197,0.197,0.197,0.197,0.197,0.59,0.59,0.983,0.983,1.377,1.77,2.557,2.95,3.147,3.54,4.327,5.114,6.097,6.687,7.868,8.654,9.441,10.031,10.031,13.178,14.162,15.735,16.129,16.129,19.079,20.849,21.833,22.816,23.406,23.603,24.193,24.389,27.537,29.503,30.88,32.65,34.224,34.814,37.764,45.435,47.992,50.353,52.516,54.09,55.663,58.22,59.99,62.154,62.941,64.908,65.104,68.055,69.825,71.202,72.972,74.742,74.742,75.725,76.906,78.479,80.053,81.823,82.413,83.593,85.56,86.543,87.724,91.657,92.444,95.001,95.788,97.165,98.345,98.541,98.541,98.541,106.016,106.016,107.392,109.556,111.72,113.096,115.653,116.637,117.817,118.014,118.407,119.391,121.357,122.144,125.685,126.668,128.438,129.618,132.372,134.339,136.306,136.502,139.846,140.83,141.616,145.354,150.664,154.205,155.975,159.909,161.285,162.662,166.399,173.874,178.004,182.725,187.052,189.019,191.182,195.313,196.296,210.458,215.572,223.243,227.176,228.947,240.158,252.746,262.384,272.415,288.15,293.264,296.214,307.819,317.654,327.881,336.732,344.403,349.517,352.664,363.285,372.53,381.971,385.905,394.756,399.476,402.82,412.655,421.702,429.57,433.504,444.518,446.288,450.026,460.843,464.187,472.251,483.659,490.347,492.51,493.887,497.428,506.082,516.9,522.211,530.668,532.832,534.995,542.273,549.55,552.107,559.778,565.876,567.843,571.776,572.76,578.66,585.151,595.576,597.936,602.657,605.214,609.344,616.031,621.145,624.882,627.046,629.21,631.767,637.864,641.601,644.945
New Jersey,https://raw.githubusercontent.com/CivilServiceUSA/us-states/master/images/flags/new-jersey-large.png,0.225,0.338,0.338,1.013,1.238,1.801,2.251,3.038,4.952,6.977,9.115,12.154,15.755,18.118,22.282,30.047,39.95,60.432,72.698,95.206,103.196,112.874,138.645,169.255,192.324,217.42,245.667,264.46,274.926,315.664,355.164,395.903,432.139,458.023,490.883,505.963,534.885,579.562,610.622,639.544,665.539,668.24,680.169,724.959,761.983,813.412,848.298,871.256,885.773,890.162,927.749,962.072,991.107,1008.325,1025.881,1041.636,1051.089,1072.583,1093.177,1119.286,1142.018,1154.735,1166.213,1174.766,1191.421,1209.652,1220.568,1236.211,1247.127,1253.429,1254.442,1259.731,1276.049,1283.926,1297.656,1309.247,1316.449,1319.263,1324.664,1336.931,1347.059,1355.949,1362.364,1370.241,1374.518,1384.534,1392.861,1400.289,1405.465,1420.32,1424.596,1430.111,1439.564,1444.403,1448.229,1451.943,1454.419,1456.107,1460.045,1465.785,1471.524,1673.639,1678.366,1682.192,1685.23,1687.144,1691.983,1696.822,1700.085,1706.5,1709.313,1711.789,1713.815,1719.667,1725.406,1738.46,1741.949,1747.125,1747.125,1751.064,1753.54,1759.392,1762.88,1765.019,1766.707,1767.494,1768.507,1770.983,1767.607,1770.195,1774.134,1775.372,1776.61,1778.523,1780.886,1777.848,1779.086,1780.211,1781.449,1782.124,1783.25,1784.487,1782.799,1783.587,1783.587,1785.838,1786.401,1786.851,1788.201,1787.638,1788.539,1789.664,1790.452,1790.677,1791.127,1792.14,1792.252,1792.928,1793.94,1794.166,1794.503,1794.503,1795.291,1790.902,1791.69,1792.703,1793.04,1793.49,1794.391,1794.953,1796.529,1797.317,1798.104,1798.892,1799.342,1799.567,1800.13,1801.48,1802.156,1803.168,1803.619,1804.069,1804.406,1805.419,1806.657,1806.995,1807.445,1807.782,1808.12,1808.345,1809.133,1809.808,1810.821
Virginia,https://raw.githubusercontent.com/CivilServiceUSA/us-states/master/images/flags/virginia-large.png,0.118,0.235,0.235,0.235,0.235,0.235,0.706,0.706,1.059,1.059,1.176,1.176,1.529,2.353,1.764,3.176,3.999,4.823,5.411,6.117,6.117,7.764,7.764,7.764,12.822,14.233,15.292,16.586,17.527,18.115,22.938,24.467,27.172,30.348,32.583,35.289,38.112,41.053,43.876,48.346,51.404,52.816,54.109,57.874,61.402,64.931,68.343,72.577,77.635,80.458,83.87,83.87,90.457,95.515,97.279,98.691,99.985,104.925,109.16,112.454,115.041,117.982,118.806,119.394,122.57,126.451,129.392,133.627,136.332,137.744,142.096,145.39,150.683,157.388,159.741,161.152,161.74,163.74,165.504,167.975,169.974,171.033,171.856,173.15,173.738,175.973,178.091,178.796,180.443,181.267,181.855,182.561,184.678,186.207,186.56,188.442,189.03,189.501,190.559,193.5,195.382,197.029,199.97,202.793,203.734,204.675,207.38,210.086,213.615,217.026,217.497,217.967,217.967,221.261,224.084,227.848,230.318,230.789,231.259,231.494,232.553,234.317,236.082,236.788,238.199,238.435,238.905,240.905,241.258,241.611,243.14,244.081,244.434,244.904,246.433,249.962,251.844,255.726,260.549,260.902,260.902,263.96,267.489,270.43,272.547,273.135,273.606,273.723,275.723,276.664,277.958,278.781,280.075,280.075,280.546,281.84,283.487,285.486,286.545,287.368,290.191,290.662,293.367,295.838,297.249,299.955,302.072,302.19,303.483,307.248,310.659,311.953,313.129,314.894,315.011,315.717,315.952,317.246,318.54,318.893,320.187,320.422,322.657,333.714,339.008,343.242,346.653,351.476,354.417,355.123,359.71,363.122,365.945
Massachusetts,https://raw.githubusercontent.com/CivilServiceUSA/us-states/master/images/flags/massachusetts-large.png,0.0,0.0,0.0,0.0,0.145,0.145,0.726,1.308,1.598,2.179,3.632,5.085,6.393,6.974,8.136,12.931,17.726,22.375,27.896,31.383,33.563,37.776,51.724,62.912,73.082,87.031,99.671,109.842,122.627,122.627,160.985,160.985,180.89,203.992,247.87,247.87,284.92,317.03,342.892,371.369,396.65,421.205,436.315,458.109,494.723,517.534,539.909,558.798,581.754,594.249,611.975,642.196,661.375,683.169,703.219,723.415,742.158,746.952,772.233,796.497,812.48,828.898,842.265,851.709,862.751,881.348,893.263,904.886,915.928,925.808,932.201,940.483,951.235,964.747,976.08,983.344,994.677,1022.138,1029.402,1039.137,1046.256,1051.196,1059.042,1062.965,1068.341,1076.332,1083.015,1088.537,1095.22,1100.741,1107.715,1111.057,1113.527,1123.552,1128.783,1133.142,1137.21,1141.569,1143.893,1146.218,1153.192,1156.824,1164.089,1168.157,1170.918,1176.003,1170.046,1170.046,1181.524,1183.994,1187.336,1188.934,1191.114,1193.293,1197.652,1201.284,1205.352,1207.386,1209.566,1210.292,1211.745,1215.813,1217.557,1220.753,1223.223,1224.967,1225.257,1227.727,1230.343,1232.667,1234.702,1236.445,1239.206,1240.223,1242.402,1246.616,1246.616,1250.829,1253.299,1255.043,1256.496,1257.803,1258.094,1262.743,1265.358,1267.102,1269.136,1270.008,1271.461,1274.076,1277.127,1280.033,1282.358,1284.101,1284.682,1285.554,1289.622,1291.366,1293.255,1296.161,1296.161,1300.229,1301.972,1305.75,1308.801,1311.126,1312.869,1314.758,1316.356,1316.937,1316.356,1318.826,1322.168,1324.493,1325.8,1326.963,1328.125,1328.852,1331.757,1333.791,1336.116,1338.15,1339.458,1340.33,1343.236,1345.415,1346.723,1350.5,1352.68,1353.697,1355.295,1358.055,1360.235
Texas,https://raw.githubusercontent.com/CivilServiceUSA/us-states/master/images/flags/texas-large.png,0.0,0.035,0.105,0.175,0.175,0.175,0.245,0.314,0.419,0.524,0.734,0.908,1.048,1.292,1.572,1.886,2.305,2.69,3.493,4.052,4.75,5.24,5.589,6.602,7.335,8.313,9.291,9.885,10.654,11.946,13.099,14.461,15.753,16.627,17.116,17.71,18.618,19.421,21.098,21.796,22.285,22.739,23.263,25.115,26.337,28.363,29.341,30.145,30.669,31.472,32.31,33.323,34.406,35.803,37.235,38.213,39.017,40.03,40.938,43.139,44.71,46.038,46.911,47.156,48.483,49.81,50.998,51.347,51.627,53.373,53.548,54.002,55.224,56.272,56.552,57.704,58.508,58.787,59.94,60.918,62.036,63.293,64.027,64.306,64.551,65.214,66.542,67.415,68.323,68.847,69.301,69.895,71.572,72.969,74.366,75.379,76.252,76.532,77.091,78.104,79.291,80.933,82.225,83.413,83.902,84.391,85.753,87.43,88.792,90.539,91.063,91.796,93.508,97.036,100.424,105.0,106.956,109.61,112.335,114.431,117.435,122.185,127.739,133.433,137.589,140.139,143.423,146.671,155.054,161.447,167.315,174.301,177.305,199.555,206.541,216.322,225.019,229.7,239.795,240.249,245.069,253.976,269.171,299.315,309.026,316.396,319.854,322.404,322.125,332.778,341.301,352.025,358.661,363.133,364.914,372.983,381.925,390.308,398.831,404.525,408.646,410.393,416.89,424.05,431.91,437.918,440.363,443.017,446.371,451.261,457.723,464.43,468.971,474.21,476.935,478.437,481.755,486.331,486.575,496.949,500.617,503.167,504.774,509.734,514.799,517.873,522.239,525.732,527.024,528.386,531.949,536.944,541.765
California,https://raw.githubusercontent.com/CivilServiceUSA/us-states/master/images/flags/california-large.png,0.177,0.304,0.329,0.456,0.583,0.608,0.76,0.988,1.267,1.647,2.053,2.382,2.788,3.142,3.7,4.384,5.043,6.031,6.715,7.324,8.819,9.63,10.947,12.544,13.786,14.774,15.306,16.218,18.094,19.437,21.793,24.226,26.279,28.889,29.826,31.043,32.487,36.01,38.848,41.078,42.801,43.713,45.082,47.236,49.314,51.468,53.875,55.244,56.156,57.727,60.337,62.44,64.24,66.216,68.092,68.826,70.423,72.957,74.934,77.341,79.47,81.294,82.105,83.093,86.236,88.618,90.797,92.9,94.725,95.13,95.511,96.778,98.704,101.187,103.316,105.014,105.723,106.863,109.093,110.842,112.616,114.77,116.746,117.38,118.013,120.244,123.006,125.033,126.148,128.631,129.214,129.594,131.774,133.573,135.702,137.501,139.224,139.756,141.049,142.569,145.078,147.13,148.702,149.487,150.323,151.616,154.125,156.329,158.762,160.029,160.511,161.499,163.222,166.567,170.242,173.815,176.247,178.072,178.68,179.643,183.723,186.891,189.779,192.668,195.177,195.507,196.9,199.891,203.92,207.822,211.269,213.068,214.082,215.247,219.935,225.739,228.729,233.493,236.813,238.105,239.245,245.403,248.545,253.943,256.781,261.191,262.965,265.473,266.664,272.493,275.458,282.503,284.276,284.91,286.253,291.524,296.237,299.278,302.725,307.413,307.97,310.048,313.773,317.575,321.249,324.493,326.748,327.838,329.992,333.235,337.467,341.927,345.602,347.401,347.959,348.643,350.29,354.345,356.727,360.604,363.062,364.354,365.9,369.828,372.286,375.15,377.405,380.573,380.522,381.536,384.906,387.491,390.076
Vermont,https://raw.githubusercontent.com/CivilServiceUSA/us-states/master/images/flags/vermont-large.png,0.0,0.0,0.0,0.0,3.203,3.203,3.203,8.008,11.212,12.813,14.415,16.016,19.22,19.22,19.22,20.821,25.626,27.228,27.228,32.033,35.236,36.838,36.838,36.838,36.838,38.439,40.041,43.244,44.846,46.448,46.448,52.854,56.058,60.863,60.863,60.863,64.066,64.066,68.871,70.472,73.676,73.676,75.277,75.277,75.277,78.481,80.082,81.684,84.887,83.286,83.286,83.286,84.887,84.887,84.887,84.887,84.887,84.887,84.887,84.887,84.887,84.887,86.489,86.489,86.489,86.489,86.489,86.489,86.489,86.489,86.489,86.489,86.489,88.09,88.09,88.09,88.09,88.09,88.09,88.09,88.09,88.09,88.09,88.09,88.09,88.09,88.09,88.09,88.09,88.09,88.09,88.09,88.09,88.09,89.692,89.692,89.692,89.692,89.692,89.692,89.692,89.692,89.692,89.692,89.692,89.692,89.692,89.692,89.692,89.692,89.692,89.692,89.692,89.692,89.692,89.692,89.692,89.692,89.692,89.692,89.692,89.692,89.692,89.692,89.692,89.692,89.692,89.692,89.692,89.692,89.692,89.692,89.692,89.692,89.692,89.692,91.294,91.294,91.294,91.294,91.294,91.294,91.294,92.895,92.895,92.895,92.895,92.895,92.895,92.895,92.895,92.895,92.895,92.895,92.895,92.895,92.895,92.895,92.895,92.895,92.895,92.895,92.895,92.895,92.895,92.895,92.895,92.895,92.895,92.895,92.895,92.895,92.895,92.895,92.895,92.895,92.895,92.895,92.895,92.895,92.895,92.895,92.895,92.895,92.895,92.895,92.895,92.895,92.895,92.895,92.895,92.895,92.895
Kentucky,https://raw.githubusercontent.com/CivilServiceUSA/us-states/master/images/flags/kentucky-large.png,0.224,0.224,0.224,0.448,0.448,0.672,0.672,0.897,0.897,1.121,1.121,1.569,2.017,2.017,2.466,2.466,4.035,6.949,7.621,8.966,10.087,10.087,14.57,14.57,16.363,20.174,20.174,21.743,25.33,23.761,25.778,28.916,30.71,32.279,32.727,34.52,38.331,41.469,42.814,44.831,45.952,46.625,47.746,50.435,52.453,53.798,55.143,55.591,56.712,58.505,61.643,63.437,65.902,66.799,68.144,68.144,69.713,71.954,71.954,73.524,74.42,74.869,74.869,77.558,82.042,84.283,86.525,87.646,87.646,87.646,87.646,88.318,89.663,91.68,93.698,96.612,96.612,98.405,99.078,100.871,102.664,104.457,105.354,105.354,105.802,106.923,108.492,110.51,111.406,111.854,111.854,113.199,113.199,116.113,116.562,117.01,117.458,117.907,117.907,120.372,120.597,122.39,123.959,124.183,125.08,125.528,126.649,128.218,130.235,131.132,131.132,131.132,132.925,134.943,136.288,137.184,138.978,139.426,140.098,140.995,142.34,144.581,145.702,147.496,149.513,150.185,150.41,151.082,151.754,153.324,154.893,156.013,156.91,158.928,161.169,162.29,163.859,164.756,165.876,166.325,166.773,168.342,168.566,170.36,171.256,173.049,173.274,173.722,175.515,177.084,178.429,180.222,181.567,181.567,183.361,186.051,188.74,191.879,193.672,195.465,195.465,198.155,200.621,202.19,203.983,205.776,206.449,208.242,209.139,212.501,216.536,218.778,221.243,222.588,223.261,223.261,223.485,227.071,232.003,234.02,236.934,237.607,238.728,240.745,242.538,245.004,246.797,248.366,249.039,249.263,250.832,251.953,254.867
